/*
 Navicat Premium Data Transfer

 Source Server         : localhost
 Source Server Type    : MySQL
 Source Server Version : 80026
 Source Host           : localhost:3306
 Source Schema         : ticket-ryvue

 Target Server Type    : MySQL
 Target Server Version : 80026
 File Encoding         : 65001

 Date: 21/03/2024 20:03:32
*/

SET NAMES utf8mb4;
SET FOREIGN_KEY_CHECKS = 0;

-- ----------------------------
-- Table structure for gen_table
-- ----------------------------
DROP TABLE IF EXISTS `gen_table`;
CREATE TABLE `gen_table`  (
  `table_id` bigint(0) NOT NULL AUTO_INCREMENT COMMENT '编号',
  `table_name` varchar(200) CHARACTER SET utf8 COLLATE utf8_general_ci NULL DEFAULT '' COMMENT '表名称',
  `table_comment` varchar(500) CHARACTER SET utf8 COLLATE utf8_general_ci NULL DEFAULT '' COMMENT '表描述',
  `sub_table_name` varchar(64) CHARACTER SET utf8 COLLATE utf8_general_ci NULL DEFAULT NULL COMMENT '关联子表的表名',
  `sub_table_fk_name` varchar(64) CHARACTER SET utf8 COLLATE utf8_general_ci NULL DEFAULT NULL COMMENT '子表关联的外键名',
  `class_name` varchar(100) CHARACTER SET utf8 COLLATE utf8_general_ci NULL DEFAULT '' COMMENT '实体类名称',
  `tpl_category` varchar(200) CHARACTER SET utf8 COLLATE utf8_general_ci NULL DEFAULT 'crud' COMMENT '使用的模板（crud单表操作 tree树表操作）',
  `tpl_web_type` varchar(30) CHARACTER SET utf8 COLLATE utf8_general_ci NULL DEFAULT '' COMMENT '前端模板类型（element-ui模版 element-plus模版）',
  `package_name` varchar(100) CHARACTER SET utf8 COLLATE utf8_general_ci NULL DEFAULT NULL COMMENT '生成包路径',
  `module_name` varchar(30) CHARACTER SET utf8 COLLATE utf8_general_ci NULL DEFAULT NULL COMMENT '生成模块名',
  `business_name` varchar(30) CHARACTER SET utf8 COLLATE utf8_general_ci NULL DEFAULT NULL COMMENT '生成业务名',
  `function_name` varchar(50) CHARACTER SET utf8 COLLATE utf8_general_ci NULL DEFAULT NULL COMMENT '生成功能名',
  `function_author` varchar(50) CHARACTER SET utf8 COLLATE utf8_general_ci NULL DEFAULT NULL COMMENT '生成功能作者',
  `gen_type` char(1) CHARACTER SET utf8 COLLATE utf8_general_ci NULL DEFAULT '0' COMMENT '生成代码方式（0zip压缩包 1自定义路径）',
  `gen_path` varchar(200) CHARACTER SET utf8 COLLATE utf8_general_ci NULL DEFAULT '/' COMMENT '生成路径（不填默认项目路径）',
  `options` varchar(1000) CHARACTER SET utf8 COLLATE utf8_general_ci NULL DEFAULT NULL COMMENT '其它生成选项',
  `create_by` varchar(64) CHARACTER SET utf8 COLLATE utf8_general_ci NULL DEFAULT '' COMMENT '创建者',
  `create_time` datetime(0) NULL DEFAULT NULL COMMENT '创建时间',
  `update_by` varchar(64) CHARACTER SET utf8 COLLATE utf8_general_ci NULL DEFAULT '' COMMENT '更新者',
  `update_time` datetime(0) NULL DEFAULT NULL COMMENT '更新时间',
  `remark` varchar(500) CHARACTER SET utf8 COLLATE utf8_general_ci NULL DEFAULT NULL COMMENT '备注',
  PRIMARY KEY (`table_id`) USING BTREE
) ENGINE = InnoDB AUTO_INCREMENT = 1 CHARACTER SET = utf8 COLLATE = utf8_general_ci COMMENT = '代码生成业务表' ROW_FORMAT = Dynamic;

-- ----------------------------
-- Records of gen_table
-- ----------------------------
INSERT INTO `gen_table` VALUES (1, 'tic_category', '', NULL, NULL, 'TicCategory', 'crud', '', 'com.ruoyi.system', 'system', 'category', NULL, 'ruoyi', '0', '/', NULL, 'admin', '2024-03-21 19:20:24', '', NULL, NULL);
INSERT INTO `gen_table` VALUES (2, 'tic_notice', '', NULL, NULL, 'TicNotice', 'crud', '', 'com.ruoyi.system', 'system', 'notice', NULL, 'ruoyi', '0', '/', NULL, 'admin', '2024-03-21 19:20:24', '', NULL, NULL);
INSERT INTO `gen_table` VALUES (3, 'tic_order_detail', '', NULL, NULL, 'TicOrderDetail', 'crud', '', 'com.ruoyi.system', 'system', 'detail', NULL, 'ruoyi', '0', '/', NULL, 'admin', '2024-03-21 19:20:24', '', NULL, NULL);
INSERT INTO `gen_table` VALUES (4, 'tic_order_info', '', NULL, NULL, 'TicOrderInfo', 'crud', '', 'com.ruoyi.system', 'system', 'info', NULL, 'ruoyi', '0', '/', NULL, 'admin', '2024-03-21 19:20:24', '', NULL, NULL);
INSERT INTO `gen_table` VALUES (5, 'tic_ticket', '', NULL, NULL, 'TicTicket', 'crud', '', 'com.ruoyi.system', 'system', 'ticket', NULL, 'ruoyi', '0', '/', NULL, 'admin', '2024-03-21 19:20:24', '', NULL, NULL);
INSERT INTO `gen_table` VALUES (6, 'tic_user', '', NULL, NULL, 'TicUser', 'crud', '', 'com.ruoyi.system', 'system', 'user', NULL, 'ruoyi', '0', '/', NULL, 'admin', '2024-03-21 19:20:24', '', NULL, NULL);

-- ----------------------------
-- Table structure for gen_table_column
-- ----------------------------
DROP TABLE IF EXISTS `gen_table_column`;
CREATE TABLE `gen_table_column`  (
  `column_id` bigint(0) NOT NULL AUTO_INCREMENT COMMENT '编号',
  `table_id` bigint(0) NULL DEFAULT NULL COMMENT '归属表编号',
  `column_name` varchar(200) CHARACTER SET utf8 COLLATE utf8_general_ci NULL DEFAULT NULL COMMENT '列名称',
  `column_comment` varchar(500) CHARACTER SET utf8 COLLATE utf8_general_ci NULL DEFAULT NULL COMMENT '列描述',
  `column_type` varchar(100) CHARACTER SET utf8 COLLATE utf8_general_ci NULL DEFAULT NULL COMMENT '列类型',
  `java_type` varchar(500) CHARACTER SET utf8 COLLATE utf8_general_ci NULL DEFAULT NULL COMMENT 'JAVA类型',
  `java_field` varchar(200) CHARACTER SET utf8 COLLATE utf8_general_ci NULL DEFAULT NULL COMMENT 'JAVA字段名',
  `is_pk` char(1) CHARACTER SET utf8 COLLATE utf8_general_ci NULL DEFAULT NULL COMMENT '是否主键（1是）',
  `is_increment` char(1) CHARACTER SET utf8 COLLATE utf8_general_ci NULL DEFAULT NULL COMMENT '是否自增（1是）',
  `is_required` char(1) CHARACTER SET utf8 COLLATE utf8_general_ci NULL DEFAULT NULL COMMENT '是否必填（1是）',
  `is_insert` char(1) CHARACTER SET utf8 COLLATE utf8_general_ci NULL DEFAULT NULL COMMENT '是否为插入字段（1是）',
  `is_edit` char(1) CHARACTER SET utf8 COLLATE utf8_general_ci NULL DEFAULT NULL COMMENT '是否编辑字段（1是）',
  `is_list` char(1) CHARACTER SET utf8 COLLATE utf8_general_ci NULL DEFAULT NULL COMMENT '是否列表字段（1是）',
  `is_query` char(1) CHARACTER SET utf8 COLLATE utf8_general_ci NULL DEFAULT NULL COMMENT '是否查询字段（1是）',
  `query_type` varchar(200) CHARACTER SET utf8 COLLATE utf8_general_ci NULL DEFAULT 'EQ' COMMENT '查询方式（等于、不等于、大于、小于、范围）',
  `html_type` varchar(200) CHARACTER SET utf8 COLLATE utf8_general_ci NULL DEFAULT NULL COMMENT '显示类型（文本框、文本域、下拉框、复选框、单选框、日期控件）',
  `dict_type` varchar(200) CHARACTER SET utf8 COLLATE utf8_general_ci NULL DEFAULT '' COMMENT '字典类型',
  `sort` int(0) NULL DEFAULT NULL COMMENT '排序',
  `create_by` varchar(64) CHARACTER SET utf8 COLLATE utf8_general_ci NULL DEFAULT '' COMMENT '创建者',
  `create_time` datetime(0) NULL DEFAULT NULL COMMENT '创建时间',
  `update_by` varchar(64) CHARACTER SET utf8 COLLATE utf8_general_ci NULL DEFAULT '' COMMENT '更新者',
  `update_time` datetime(0) NULL DEFAULT NULL COMMENT '更新时间',
  PRIMARY KEY (`column_id`) USING BTREE
) ENGINE = InnoDB AUTO_INCREMENT = 1 CHARACTER SET = utf8 COLLATE = utf8_general_ci COMMENT = '代码生成业务表字段' ROW_FORMAT = Dynamic;

-- ----------------------------
-- Records of gen_table_column
-- ----------------------------
INSERT INTO `gen_table_column` VALUES (1, 1, 'Id', NULL, 'int', 'Long', 'Id', '1', '1', '0', '1', NULL, NULL, NULL, 'EQ', 'input', '', 1, 'admin', '2024-03-21 19:20:24', '', NULL);
INSERT INTO `gen_table_column` VALUES (2, 1, 'name', '分类名称', 'varchar(50)', 'String', 'name', '0', '0', '0', '1', '1', '1', '1', 'LIKE', 'input', '', 2, 'admin', '2024-03-21 19:20:24', '', NULL);
INSERT INTO `gen_table_column` VALUES (3, 1, 'icon_path', '图标地址', 'varchar(100)', 'String', 'iconPath', '0', '0', '0', '1', '1', '1', '1', 'EQ', 'input', '', 3, 'admin', '2024-03-21 19:20:24', '', NULL);
INSERT INTO `gen_table_column` VALUES (4, 1, 'sequence', '排序', 'int', 'Long', 'sequence', '0', '0', '0', '1', '1', '1', '1', 'EQ', 'input', '', 4, 'admin', '2024-03-21 19:20:24', '', NULL);
INSERT INTO `gen_table_column` VALUES (5, 2, 'id', '自增id', 'int', 'Long', 'id', '1', '1', '0', '1', NULL, NULL, NULL, 'EQ', 'input', '', 1, 'admin', '2024-03-21 19:20:24', '', NULL);
INSERT INTO `gen_table_column` VALUES (6, 2, 'content', '公告内容', 'varchar(255)', 'String', 'content', '0', '0', '0', '1', '1', '1', '1', 'EQ', 'editor', '', 2, 'admin', '2024-03-21 19:20:24', '', NULL);
INSERT INTO `gen_table_column` VALUES (7, 2, 'img', '公告图片', 'varchar(255)', 'String', 'img', '0', '0', '0', '1', '1', '1', '1', 'EQ', 'input', '', 3, 'admin', '2024-03-21 19:20:24', '', NULL);
INSERT INTO `gen_table_column` VALUES (8, 2, 'manager_id', '发布的管理员id', 'int', 'Long', 'managerId', '0', '0', '0', '1', '1', '1', '1', 'EQ', 'input', '', 4, 'admin', '2024-03-21 19:20:24', '', NULL);
INSERT INTO `gen_table_column` VALUES (9, 2, 'create_time', '创建时间', 'datetime', 'Date', 'createTime', '0', '0', '0', '1', NULL, NULL, NULL, 'EQ', 'datetime', '', 5, 'admin', '2024-03-21 19:20:24', '', NULL);
INSERT INTO `gen_table_column` VALUES (10, 2, 'statu', '状态（1：停用；2：正常）', 'tinyint', 'Long', 'statu', '0', '0', '0', '1', '1', '1', '1', 'EQ', 'input', '', 6, 'admin', '2024-03-21 19:20:24', '', NULL);
INSERT INTO `gen_table_column` VALUES (11, 3, 'Id', NULL, 'int', 'Long', 'Id', '1', '1', '0', '1', NULL, NULL, NULL, 'EQ', 'input', '', 1, 'admin', '2024-03-21 19:20:24', '', NULL);
INSERT INTO `gen_table_column` VALUES (12, 3, 'user_id', '用户关联id', 'int', 'Long', 'userId', '0', '0', '0', '1', '1', '1', '1', 'EQ', 'input', '', 2, 'admin', '2024-03-21 19:20:24', '', NULL);
INSERT INTO `gen_table_column` VALUES (13, 3, 'order_id', '订单关联id', 'int', 'Long', 'orderId', '0', '0', '0', '1', '1', '1', '1', 'EQ', 'input', '', 3, 'admin', '2024-03-21 19:20:24', '', NULL);
INSERT INTO `gen_table_column` VALUES (14, 3, 'ticket_id', '演出关联id', 'int', 'Long', 'ticketId', '0', '0', '0', '1', '1', '1', '1', 'EQ', 'input', '', 4, 'admin', '2024-03-21 19:20:24', '', NULL);
INSERT INTO `gen_table_column` VALUES (15, 3, 'amount', '数量', 'int', 'Long', 'amount', '0', '0', '0', '1', '1', '1', '1', 'EQ', 'input', '', 5, 'admin', '2024-03-21 19:20:24', '', NULL);
INSERT INTO `gen_table_column` VALUES (16, 3, 'price', '单价', 'decimal(10,2)', 'BigDecimal', 'price', '0', '0', '0', '1', '1', '1', '1', 'EQ', 'input', '', 6, 'admin', '2024-03-21 19:20:24', '', NULL);
INSERT INTO `gen_table_column` VALUES (17, 4, 'Id', NULL, 'int', 'Long', 'Id', '1', '1', '0', '1', NULL, NULL, NULL, 'EQ', 'input', '', 1, 'admin', '2024-03-21 19:20:24', '', NULL);
INSERT INTO `gen_table_column` VALUES (18, 4, 'code', '订单流水号', 'varchar(255)', 'String', 'code', '0', '0', '0', '1', '1', '1', '1', 'EQ', 'input', '', 2, 'admin', '2024-03-21 19:20:24', '', NULL);
INSERT INTO `gen_table_column` VALUES (19, 4, 'create_time', '订单创建时间', 'datetime', 'Date', 'createTime', '0', '0', '0', '1', NULL, NULL, NULL, 'EQ', 'datetime', '', 3, 'admin', '2024-03-21 19:20:24', '', NULL);
INSERT INTO `gen_table_column` VALUES (20, 4, 'user_id', '关联用户id', 'int', 'Long', 'userId', '0', '0', '0', '1', '1', '1', '1', 'EQ', 'input', '', 4, 'admin', '2024-03-21 19:20:24', '', NULL);
INSERT INTO `gen_table_column` VALUES (21, 4, 'price', '总价格', 'decimal(10,2)', 'BigDecimal', 'price', '0', '0', '0', '1', '1', '1', '1', 'EQ', 'input', '', 5, 'admin', '2024-03-21 19:20:24', '', NULL);
INSERT INTO `gen_table_column` VALUES (22, 4, 'status', '订单状态（1：待支付；2：已支付；3：已取消）', 'varchar(11)', 'String', 'status', '0', '0', '0', '1', '1', '1', '1', 'EQ', 'radio', '', 6, 'admin', '2024-03-21 19:20:24', '', NULL);
INSERT INTO `gen_table_column` VALUES (23, 5, 'Id', '自增id', 'int', 'Long', 'Id', '1', '1', '0', '1', NULL, NULL, NULL, 'EQ', 'input', '', 1, 'admin', '2024-03-21 19:20:24', '', NULL);
INSERT INTO `gen_table_column` VALUES (24, 5, 'name', '演出票名称', 'varchar(255)', 'String', 'name', '0', '0', '0', '1', '1', '1', '1', 'LIKE', 'input', '', 2, 'admin', '2024-03-21 19:20:24', '', NULL);
INSERT INTO `gen_table_column` VALUES (25, 5, 'price', '价格（多档价格之间用，分割）', 'varchar(255)', 'String', 'price', '0', '0', '0', '1', '1', '1', '1', 'EQ', 'input', '', 3, 'admin', '2024-03-21 19:20:24', '', NULL);
INSERT INTO `gen_table_column` VALUES (26, 5, 'showTime', '演出时间', 'datetime', 'Date', 'showTime', '0', '0', '0', '1', '1', '1', '1', 'EQ', 'datetime', '', 4, 'admin', '2024-03-21 19:20:24', '', NULL);
INSERT INTO `gen_table_column` VALUES (27, 5, 'address', '演出地点', 'varchar(255)', 'String', 'address', '0', '0', '0', '1', '1', '1', '1', 'EQ', 'input', '', 5, 'admin', '2024-03-21 19:20:24', '', NULL);
INSERT INTO `gen_table_column` VALUES (28, 5, 'status', NULL, 'int', 'Long', 'status', '0', '0', '0', '1', '1', '1', '1', 'EQ', 'radio', '', 6, 'admin', '2024-03-21 19:20:24', '', NULL);
INSERT INTO `gen_table_column` VALUES (29, 5, 'category_id', '分类关联id', 'int', 'Long', 'categoryId', '0', '0', '0', '1', '1', '1', '1', 'EQ', 'input', '', 7, 'admin', '2024-03-21 19:20:24', '', NULL);
INSERT INTO `gen_table_column` VALUES (30, 5, 'img_path', '演示图片地址', 'varchar(255)', 'String', 'imgPath', '0', '0', '0', '1', '1', '1', '1', 'EQ', 'input', '', 8, 'admin', '2024-03-21 19:20:24', '', NULL);
INSERT INTO `gen_table_column` VALUES (31, 5, 'limit', '单笔订单限购数量', 'int', 'Long', 'limit', '0', '0', '0', '1', '1', '1', '1', 'EQ', 'input', '', 9, 'admin', '2024-03-21 19:20:24', '', NULL);
INSERT INTO `gen_table_column` VALUES (32, 6, 'Id', '自增id', 'int', 'Long', 'Id', '1', '1', '0', '1', NULL, NULL, NULL, 'EQ', 'input', '', 1, 'admin', '2024-03-21 19:20:24', '', NULL);
INSERT INTO `gen_table_column` VALUES (33, 6, 'username', '用户名', 'varchar(30)', 'String', 'username', '0', '0', '0', '1', '1', '1', '1', 'LIKE', 'input', '', 2, 'admin', '2024-03-21 19:20:24', '', NULL);
INSERT INTO `gen_table_column` VALUES (34, 6, 'password', '密码', 'varchar(100)', 'String', 'password', '0', '0', '0', '1', '1', '1', '1', 'EQ', 'input', '', 3, 'admin', '2024-03-21 19:20:24', '', NULL);
INSERT INTO `gen_table_column` VALUES (35, 6, 'age', '年龄', 'int', 'Long', 'age', '0', '0', '0', '1', '1', '1', '1', 'EQ', 'input', '', 4, 'admin', '2024-03-21 19:20:24', '', NULL);
INSERT INTO `gen_table_column` VALUES (36, 6, 'sex', '性别', 'varchar(10)', 'String', 'sex', '0', '0', '0', '1', '1', '1', '1', 'EQ', 'select', '', 5, 'admin', '2024-03-21 19:20:24', '', NULL);
INSERT INTO `gen_table_column` VALUES (37, 6, 'create_time', '注册时间', 'datetime', 'Date', 'createTime', '0', '0', '0', '1', NULL, NULL, NULL, 'EQ', 'datetime', '', 6, 'admin', '2024-03-21 19:20:24', '', NULL);
INSERT INTO `gen_table_column` VALUES (38, 6, 'email', '邮箱', 'varchar(100)', 'String', 'email', '0', '0', '0', '1', '1', '1', '1', 'EQ', 'input', '', 7, 'admin', '2024-03-21 19:20:24', '', NULL);

-- ----------------------------
-- Table structure for sys_config
-- ----------------------------
DROP TABLE IF EXISTS `sys_config`;
CREATE TABLE `sys_config`  (
  `config_id` int(0) NOT NULL AUTO_INCREMENT COMMENT '参数主键',
  `config_name` varchar(100) CHARACTER SET utf8 COLLATE utf8_general_ci NULL DEFAULT '' COMMENT '参数名称',
  `config_key` varchar(100) CHARACTER SET utf8 COLLATE utf8_general_ci NULL DEFAULT '' COMMENT '参数键名',
  `config_value` varchar(500) CHARACTER SET utf8 COLLATE utf8_general_ci NULL DEFAULT '' COMMENT '参数键值',
  `config_type` char(1) CHARACTER SET utf8 COLLATE utf8_general_ci NULL DEFAULT 'N' COMMENT '系统内置（Y是 N否）',
  `create_by` varchar(64) CHARACTER SET utf8 COLLATE utf8_general_ci NULL DEFAULT '' COMMENT '创建者',
  `create_time` datetime(0) NULL DEFAULT NULL COMMENT '创建时间',
  `update_by` varchar(64) CHARACTER SET utf8 COLLATE utf8_general_ci NULL DEFAULT '' COMMENT '更新者',
  `update_time` datetime(0) NULL DEFAULT NULL COMMENT '更新时间',
  `remark` varchar(500) CHARACTER SET utf8 COLLATE utf8_general_ci NULL DEFAULT NULL COMMENT '备注',
  PRIMARY KEY (`config_id`) USING BTREE
) ENGINE = InnoDB AUTO_INCREMENT = 100 CHARACTER SET = utf8 COLLATE = utf8_general_ci COMMENT = '参数配置表' ROW_FORMAT = Dynamic;

-- ----------------------------
-- Records of sys_config
-- ----------------------------
INSERT INTO `sys_config` VALUES (1, '主框架页-默认皮肤样式名称', 'sys.index.skinName', 'skin-blue', 'Y', 'admin', '2024-03-21 14:40:57', '', NULL, '蓝色 skin-blue、绿色 skin-green、紫色 skin-purple、红色 skin-red、黄色 skin-yellow');
INSERT INTO `sys_config` VALUES (2, '用户管理-账号初始密码', 'sys.user.initPassword', '123456', 'Y', 'admin', '2024-03-21 14:40:57', '', NULL, '初始化密码 123456');
INSERT INTO `sys_config` VALUES (3, '主框架页-侧边栏主题', 'sys.index.sideTheme', 'theme-dark', 'Y', 'admin', '2024-03-21 14:40:57', '', NULL, '深色主题theme-dark，浅色主题theme-light');
INSERT INTO `sys_config` VALUES (4, '账号自助-验证码开关', 'sys.account.captchaEnabled', 'true', 'Y', 'admin', '2024-03-21 14:40:57', '', NULL, '是否开启验证码功能（true开启，false关闭）');
INSERT INTO `sys_config` VALUES (5, '账号自助-是否开启用户注册功能', 'sys.account.registerUser', 'false', 'Y', 'admin', '2024-03-21 14:40:57', '', NULL, '是否开启注册用户功能（true开启，false关闭）');
INSERT INTO `sys_config` VALUES (6, '用户登录-黑名单列表', 'sys.login.blackIPList', '', 'Y', 'admin', '2024-03-21 14:40:57', '', NULL, '设置登录IP黑名单限制，多个匹配项以;分隔，支持匹配（*通配、网段）');

-- ----------------------------
-- Table structure for sys_dept
-- ----------------------------
DROP TABLE IF EXISTS `sys_dept`;
CREATE TABLE `sys_dept`  (
  `dept_id` bigint(0) NOT NULL AUTO_INCREMENT COMMENT '部门id',
  `parent_id` bigint(0) NULL DEFAULT 0 COMMENT '父部门id',
  `ancestors` varchar(50) CHARACTER SET utf8 COLLATE utf8_general_ci NULL DEFAULT '' COMMENT '祖级列表',
  `dept_name` varchar(30) CHARACTER SET utf8 COLLATE utf8_general_ci NULL DEFAULT '' COMMENT '部门名称',
  `order_num` int(0) NULL DEFAULT 0 COMMENT '显示顺序',
  `leader` varchar(20) CHARACTER SET utf8 COLLATE utf8_general_ci NULL DEFAULT NULL COMMENT '负责人',
  `phone` varchar(11) CHARACTER SET utf8 COLLATE utf8_general_ci NULL DEFAULT NULL COMMENT '联系电话',
  `email` varchar(50) CHARACTER SET utf8 COLLATE utf8_general_ci NULL DEFAULT NULL COMMENT '邮箱',
  `status` char(1) CHARACTER SET utf8 COLLATE utf8_general_ci NULL DEFAULT '0' COMMENT '部门状态（0正常 1停用）',
  `del_flag` char(1) CHARACTER SET utf8 COLLATE utf8_general_ci NULL DEFAULT '0' COMMENT '删除标志（0代表存在 2代表删除）',
  `create_by` varchar(64) CHARACTER SET utf8 COLLATE utf8_general_ci NULL DEFAULT '' COMMENT '创建者',
  `create_time` datetime(0) NULL DEFAULT NULL COMMENT '创建时间',
  `update_by` varchar(64) CHARACTER SET utf8 COLLATE utf8_general_ci NULL DEFAULT '' COMMENT '更新者',
  `update_time` datetime(0) NULL DEFAULT NULL COMMENT '更新时间',
  PRIMARY KEY (`dept_id`) USING BTREE
) ENGINE = InnoDB AUTO_INCREMENT = 200 CHARACTER SET = utf8 COLLATE = utf8_general_ci COMMENT = '部门表' ROW_FORMAT = Dynamic;

-- ----------------------------
-- Records of sys_dept
-- ----------------------------
INSERT INTO `sys_dept` VALUES (100, 0, '0', '若依科技', 0, '若依', '15888888888', 'ry@qq.com', '0', '0', 'admin', '2024-03-21 14:40:56', '', NULL);
INSERT INTO `sys_dept` VALUES (101, 100, '0,100', '深圳总公司', 1, '若依', '15888888888', 'ry@qq.com', '0', '0', 'admin', '2024-03-21 14:40:56', '', NULL);
INSERT INTO `sys_dept` VALUES (102, 100, '0,100', '长沙分公司', 2, '若依', '15888888888', 'ry@qq.com', '0', '0', 'admin', '2024-03-21 14:40:56', '', NULL);
INSERT INTO `sys_dept` VALUES (103, 101, '0,100,101', '研发部门', 1, '若依', '15888888888', 'ry@qq.com', '0', '0', 'admin', '2024-03-21 14:40:56', '', NULL);
INSERT INTO `sys_dept` VALUES (104, 101, '0,100,101', '市场部门', 2, '若依', '15888888888', 'ry@qq.com', '0', '0', 'admin', '2024-03-21 14:40:56', '', NULL);
INSERT INTO `sys_dept` VALUES (105, 101, '0,100,101', '测试部门', 3, '若依', '15888888888', 'ry@qq.com', '0', '0', 'admin', '2024-03-21 14:40:56', '', NULL);
INSERT INTO `sys_dept` VALUES (106, 101, '0,100,101', '财务部门', 4, '若依', '15888888888', 'ry@qq.com', '0', '0', 'admin', '2024-03-21 14:40:56', '', NULL);
INSERT INTO `sys_dept` VALUES (107, 101, '0,100,101', '运维部门', 5, '若依', '15888888888', 'ry@qq.com', '0', '0', 'admin', '2024-03-21 14:40:56', '', NULL);
INSERT INTO `sys_dept` VALUES (108, 102, '0,100,102', '市场部门', 1, '若依', '15888888888', 'ry@qq.com', '0', '0', 'admin', '2024-03-21 14:40:56', '', NULL);
INSERT INTO `sys_dept` VALUES (109, 102, '0,100,102', '财务部门', 2, '若依', '15888888888', 'ry@qq.com', '0', '0', 'admin', '2024-03-21 14:40:56', '', NULL);

-- ----------------------------
-- Table structure for sys_dict_data
-- ----------------------------
DROP TABLE IF EXISTS `sys_dict_data`;
CREATE TABLE `sys_dict_data`  (
  `dict_code` bigint(0) NOT NULL AUTO_INCREMENT COMMENT '字典编码',
  `dict_sort` int(0) NULL DEFAULT 0 COMMENT '字典排序',
  `dict_label` varchar(100) CHARACTER SET utf8 COLLATE utf8_general_ci NULL DEFAULT '' COMMENT '字典标签',
  `dict_value` varchar(100) CHARACTER SET utf8 COLLATE utf8_general_ci NULL DEFAULT '' COMMENT '字典键值',
  `dict_type` varchar(100) CHARACTER SET utf8 COLLATE utf8_general_ci NULL DEFAULT '' COMMENT '字典类型',
  `css_class` varchar(100) CHARACTER SET utf8 COLLATE utf8_general_ci NULL DEFAULT NULL COMMENT '样式属性（其他样式扩展）',
  `list_class` varchar(100) CHARACTER SET utf8 COLLATE utf8_general_ci NULL DEFAULT NULL COMMENT '表格回显样式',
  `is_default` char(1) CHARACTER SET utf8 COLLATE utf8_general_ci NULL DEFAULT 'N' COMMENT '是否默认（Y是 N否）',
  `status` char(1) CHARACTER SET utf8 COLLATE utf8_general_ci NULL DEFAULT '0' COMMENT '状态（0正常 1停用）',
  `create_by` varchar(64) CHARACTER SET utf8 COLLATE utf8_general_ci NULL DEFAULT '' COMMENT '创建者',
  `create_time` datetime(0) NULL DEFAULT NULL COMMENT '创建时间',
  `update_by` varchar(64) CHARACTER SET utf8 COLLATE utf8_general_ci NULL DEFAULT '' COMMENT '更新者',
  `update_time` datetime(0) NULL DEFAULT NULL COMMENT '更新时间',
  `remark` varchar(500) CHARACTER SET utf8 COLLATE utf8_general_ci NULL DEFAULT NULL COMMENT '备注',
  PRIMARY KEY (`dict_code`) USING BTREE
) ENGINE = InnoDB AUTO_INCREMENT = 100 CHARACTER SET = utf8 COLLATE = utf8_general_ci COMMENT = '字典数据表' ROW_FORMAT = Dynamic;

-- ----------------------------
-- Records of sys_dict_data
-- ----------------------------
INSERT INTO `sys_dict_data` VALUES (1, 1, '男', '0', 'sys_user_sex', '', '', 'Y', '0', 'admin', '2024-03-21 14:40:57', '', NULL, '性别男');
INSERT INTO `sys_dict_data` VALUES (2, 2, '女', '1', 'sys_user_sex', '', '', 'N', '0', 'admin', '2024-03-21 14:40:57', '', NULL, '性别女');
INSERT INTO `sys_dict_data` VALUES (3, 3, '未知', '2', 'sys_user_sex', '', '', 'N', '0', 'admin', '2024-03-21 14:40:57', '', NULL, '性别未知');
INSERT INTO `sys_dict_data` VALUES (4, 1, '显示', '0', 'sys_show_hide', '', 'primary', 'Y', '0', 'admin', '2024-03-21 14:40:57', '', NULL, '显示菜单');
INSERT INTO `sys_dict_data` VALUES (5, 2, '隐藏', '1', 'sys_show_hide', '', 'danger', 'N', '0', 'admin', '2024-03-21 14:40:57', '', NULL, '隐藏菜单');
INSERT INTO `sys_dict_data` VALUES (6, 1, '正常', '0', 'sys_normal_disable', '', 'primary', 'Y', '0', 'admin', '2024-03-21 14:40:57', '', NULL, '正常状态');
INSERT INTO `sys_dict_data` VALUES (7, 2, '停用', '1', 'sys_normal_disable', '', 'danger', 'N', '0', 'admin', '2024-03-21 14:40:57', '', NULL, '停用状态');
INSERT INTO `sys_dict_data` VALUES (8, 1, '正常', '0', 'sys_job_status', '', 'primary', 'Y', '0', 'admin', '2024-03-21 14:40:57', '', NULL, '正常状态');
INSERT INTO `sys_dict_data` VALUES (9, 2, '暂停', '1', 'sys_job_status', '', 'danger', 'N', '0', 'admin', '2024-03-21 14:40:57', '', NULL, '停用状态');
INSERT INTO `sys_dict_data` VALUES (10, 1, '默认', 'DEFAULT', 'sys_job_group', '', '', 'Y', '0', 'admin', '2024-03-21 14:40:57', '', NULL, '默认分组');
INSERT INTO `sys_dict_data` VALUES (11, 2, '系统', 'SYSTEM', 'sys_job_group', '', '', 'N', '0', 'admin', '2024-03-21 14:40:57', '', NULL, '系统分组');
INSERT INTO `sys_dict_data` VALUES (12, 1, '是', 'Y', 'sys_yes_no', '', 'primary', 'Y', '0', 'admin', '2024-03-21 14:40:57', '', NULL, '系统默认是');
INSERT INTO `sys_dict_data` VALUES (13, 2, '否', 'N', 'sys_yes_no', '', 'danger', 'N', '0', 'admin', '2024-03-21 14:40:57', '', NULL, '系统默认否');
INSERT INTO `sys_dict_data` VALUES (14, 1, '通知', '1', 'sys_notice_type', '', 'warning', 'Y', '0', 'admin', '2024-03-21 14:40:57', '', NULL, '通知');
INSERT INTO `sys_dict_data` VALUES (15, 2, '公告', '2', 'sys_notice_type', '', 'success', 'N', '0', 'admin', '2024-03-21 14:40:57', '', NULL, '公告');
INSERT INTO `sys_dict_data` VALUES (16, 1, '正常', '0', 'sys_notice_status', '', 'primary', 'Y', '0', 'admin', '2024-03-21 14:40:57', '', NULL, '正常状态');
INSERT INTO `sys_dict_data` VALUES (17, 2, '关闭', '1', 'sys_notice_status', '', 'danger', 'N', '0', 'admin', '2024-03-21 14:40:57', '', NULL, '关闭状态');
INSERT INTO `sys_dict_data` VALUES (18, 99, '其他', '0', 'sys_oper_type', '', 'info', 'N', '0', 'admin', '2024-03-21 14:40:57', '', NULL, '其他操作');
INSERT INTO `sys_dict_data` VALUES (19, 1, '新增', '1', 'sys_oper_type', '', 'info', 'N', '0', 'admin', '2024-03-21 14:40:57', '', NULL, '新增操作');
INSERT INTO `sys_dict_data` VALUES (20, 2, '修改', '2', 'sys_oper_type', '', 'info', 'N', '0', 'admin', '2024-03-21 14:40:57', '', NULL, '修改操作');
INSERT INTO `sys_dict_data` VALUES (21, 3, '删除', '3', 'sys_oper_type', '', 'danger', 'N', '0', 'admin', '2024-03-21 14:40:57', '', NULL, '删除操作');
INSERT INTO `sys_dict_data` VALUES (22, 4, '授权', '4', 'sys_oper_type', '', 'primary', 'N', '0', 'admin', '2024-03-21 14:40:57', '', NULL, '授权操作');
INSERT INTO `sys_dict_data` VALUES (23, 5, '导出', '5', 'sys_oper_type', '', 'warning', 'N', '0', 'admin', '2024-03-21 14:40:57', '', NULL, '导出操作');
INSERT INTO `sys_dict_data` VALUES (24, 6, '导入', '6', 'sys_oper_type', '', 'warning', 'N', '0', 'admin', '2024-03-21 14:40:57', '', NULL, '导入操作');
INSERT INTO `sys_dict_data` VALUES (25, 7, '强退', '7', 'sys_oper_type', '', 'danger', 'N', '0', 'admin', '2024-03-21 14:40:57', '', NULL, '强退操作');
INSERT INTO `sys_dict_data` VALUES (26, 8, '生成代码', '8', 'sys_oper_type', '', 'warning', 'N', '0', 'admin', '2024-03-21 14:40:57', '', NULL, '生成操作');
INSERT INTO `sys_dict_data` VALUES (27, 9, '清空数据', '9', 'sys_oper_type', '', 'danger', 'N', '0', 'admin', '2024-03-21 14:40:57', '', NULL, '清空操作');
INSERT INTO `sys_dict_data` VALUES (28, 1, '成功', '0', 'sys_common_status', '', 'primary', 'N', '0', 'admin', '2024-03-21 14:40:57', '', NULL, '正常状态');
INSERT INTO `sys_dict_data` VALUES (29, 2, '失败', '1', 'sys_common_status', '', 'danger', 'N', '0', 'admin', '2024-03-21 14:40:57', '', NULL, '停用状态');

-- ----------------------------
-- Table structure for sys_dict_type
-- ----------------------------
DROP TABLE IF EXISTS `sys_dict_type`;
CREATE TABLE `sys_dict_type`  (
  `dict_id` bigint(0) NOT NULL AUTO_INCREMENT COMMENT '字典主键',
  `dict_name` varchar(100) CHARACTER SET utf8 COLLATE utf8_general_ci NULL DEFAULT '' COMMENT '字典名称',
  `dict_type` varchar(100) CHARACTER SET utf8 COLLATE utf8_general_ci NULL DEFAULT '' COMMENT '字典类型',
  `status` char(1) CHARACTER SET utf8 COLLATE utf8_general_ci NULL DEFAULT '0' COMMENT '状态（0正常 1停用）',
  `create_by` varchar(64) CHARACTER SET utf8 COLLATE utf8_general_ci NULL DEFAULT '' COMMENT '创建者',
  `create_time` datetime(0) NULL DEFAULT NULL COMMENT '创建时间',
  `update_by` varchar(64) CHARACTER SET utf8 COLLATE utf8_general_ci NULL DEFAULT '' COMMENT '更新者',
  `update_time` datetime(0) NULL DEFAULT NULL COMMENT '更新时间',
  `remark` varchar(500) CHARACTER SET utf8 COLLATE utf8_general_ci NULL DEFAULT NULL COMMENT '备注',
  PRIMARY KEY (`dict_id`) USING BTREE,
  UNIQUE INDEX `dict_type`(`dict_type`) USING BTREE
) ENGINE = InnoDB AUTO_INCREMENT = 100 CHARACTER SET = utf8 COLLATE = utf8_general_ci COMMENT = '字典类型表' ROW_FORMAT = Dynamic;

-- ----------------------------
-- Records of sys_dict_type
-- ----------------------------
INSERT INTO `sys_dict_type` VALUES (1, '用户性别', 'sys_user_sex', '0', 'admin', '2024-03-21 14:40:57', '', NULL, '用户性别列表');
INSERT INTO `sys_dict_type` VALUES (2, '菜单状态', 'sys_show_hide', '0', 'admin', '2024-03-21 14:40:57', '', NULL, '菜单状态列表');
INSERT INTO `sys_dict_type` VALUES (3, '系统开关', 'sys_normal_disable', '0', 'admin', '2024-03-21 14:40:57', '', NULL, '系统开关列表');
INSERT INTO `sys_dict_type` VALUES (4, '任务状态', 'sys_job_status', '0', 'admin', '2024-03-21 14:40:57', '', NULL, '任务状态列表');
INSERT INTO `sys_dict_type` VALUES (5, '任务分组', 'sys_job_group', '0', 'admin', '2024-03-21 14:40:57', '', NULL, '任务分组列表');
INSERT INTO `sys_dict_type` VALUES (6, '系统是否', 'sys_yes_no', '0', 'admin', '2024-03-21 14:40:57', '', NULL, '系统是否列表');
INSERT INTO `sys_dict_type` VALUES (7, '通知类型', 'sys_notice_type', '0', 'admin', '2024-03-21 14:40:57', '', NULL, '通知类型列表');
INSERT INTO `sys_dict_type` VALUES (8, '通知状态', 'sys_notice_status', '0', 'admin', '2024-03-21 14:40:57', '', NULL, '通知状态列表');
INSERT INTO `sys_dict_type` VALUES (9, '操作类型', 'sys_oper_type', '0', 'admin', '2024-03-21 14:40:57', '', NULL, '操作类型列表');
INSERT INTO `sys_dict_type` VALUES (10, '系统状态', 'sys_common_status', '0', 'admin', '2024-03-21 14:40:57', '', NULL, '登录状态列表');

-- ----------------------------
-- Table structure for sys_job
-- ----------------------------
DROP TABLE IF EXISTS `sys_job`;
CREATE TABLE `sys_job`  (
  `job_id` bigint(0) NOT NULL AUTO_INCREMENT COMMENT '任务ID',
  `job_name` varchar(64) CHARACTER SET utf8 COLLATE utf8_general_ci NOT NULL DEFAULT '' COMMENT '任务名称',
  `job_group` varchar(64) CHARACTER SET utf8 COLLATE utf8_general_ci NOT NULL DEFAULT 'DEFAULT' COMMENT '任务组名',
  `invoke_target` varchar(500) CHARACTER SET utf8 COLLATE utf8_general_ci NOT NULL COMMENT '调用目标字符串',
  `cron_expression` varchar(255) CHARACTER SET utf8 COLLATE utf8_general_ci NULL DEFAULT '' COMMENT 'cron执行表达式',
  `misfire_policy` varchar(20) CHARACTER SET utf8 COLLATE utf8_general_ci NULL DEFAULT '3' COMMENT '计划执行错误策略（1立即执行 2执行一次 3放弃执行）',
  `concurrent` char(1) CHARACTER SET utf8 COLLATE utf8_general_ci NULL DEFAULT '1' COMMENT '是否并发执行（0允许 1禁止）',
  `status` char(1) CHARACTER SET utf8 COLLATE utf8_general_ci NULL DEFAULT '0' COMMENT '状态（0正常 1暂停）',
  `create_by` varchar(64) CHARACTER SET utf8 COLLATE utf8_general_ci NULL DEFAULT '' COMMENT '创建者',
  `create_time` datetime(0) NULL DEFAULT NULL COMMENT '创建时间',
  `update_by` varchar(64) CHARACTER SET utf8 COLLATE utf8_general_ci NULL DEFAULT '' COMMENT '更新者',
  `update_time` datetime(0) NULL DEFAULT NULL COMMENT '更新时间',
  `remark` varchar(500) CHARACTER SET utf8 COLLATE utf8_general_ci NULL DEFAULT '' COMMENT '备注信息',
  PRIMARY KEY (`job_id`, `job_name`, `job_group`) USING BTREE
) ENGINE = InnoDB AUTO_INCREMENT = 100 CHARACTER SET = utf8 COLLATE = utf8_general_ci COMMENT = '定时任务调度表' ROW_FORMAT = Dynamic;

-- ----------------------------
-- Records of sys_job
-- ----------------------------
INSERT INTO `sys_job` VALUES (1, '系统默认（无参）', 'DEFAULT', 'ryTask.ryNoParams', '0/10 * * * * ?', '3', '1', '1', 'admin', '2024-03-21 14:40:57', '', NULL, '');
INSERT INTO `sys_job` VALUES (2, '系统默认（有参）', 'DEFAULT', 'ryTask.ryParams(\'ry\')', '0/15 * * * * ?', '3', '1', '1', 'admin', '2024-03-21 14:40:57', '', NULL, '');
INSERT INTO `sys_job` VALUES (3, '系统默认（多参）', 'DEFAULT', 'ryTask.ryMultipleParams(\'ry\', true, 2000L, 316.50D, 100)', '0/20 * * * * ?', '3', '1', '1', 'admin', '2024-03-21 14:40:57', '', NULL, '');

-- ----------------------------
-- Table structure for sys_job_log
-- ----------------------------
DROP TABLE IF EXISTS `sys_job_log`;
CREATE TABLE `sys_job_log`  (
  `job_log_id` bigint(0) NOT NULL AUTO_INCREMENT COMMENT '任务日志ID',
  `job_name` varchar(64) CHARACTER SET utf8 COLLATE utf8_general_ci NOT NULL COMMENT '任务名称',
  `job_group` varchar(64) CHARACTER SET utf8 COLLATE utf8_general_ci NOT NULL COMMENT '任务组名',
  `invoke_target` varchar(500) CHARACTER SET utf8 COLLATE utf8_general_ci NOT NULL COMMENT '调用目标字符串',
  `job_message` varchar(500) CHARACTER SET utf8 COLLATE utf8_general_ci NULL DEFAULT NULL COMMENT '日志信息',
  `status` char(1) CHARACTER SET utf8 COLLATE utf8_general_ci NULL DEFAULT '0' COMMENT '执行状态（0正常 1失败）',
  `exception_info` varchar(2000) CHARACTER SET utf8 COLLATE utf8_general_ci NULL DEFAULT '' COMMENT '异常信息',
  `create_time` datetime(0) NULL DEFAULT NULL COMMENT '创建时间',
  PRIMARY KEY (`job_log_id`) USING BTREE
) ENGINE = InnoDB CHARACTER SET = utf8 COLLATE = utf8_general_ci COMMENT = '定时任务调度日志表' ROW_FORMAT = Dynamic;

-- ----------------------------
-- Table structure for sys_logininfor
-- ----------------------------
DROP TABLE IF EXISTS `sys_logininfor`;
CREATE TABLE `sys_logininfor`  (
  `info_id` bigint(0) NOT NULL AUTO_INCREMENT COMMENT '访问ID',
  `user_name` varchar(50) CHARACTER SET utf8 COLLATE utf8_general_ci NULL DEFAULT '' COMMENT '用户账号',
  `ipaddr` varchar(128) CHARACTER SET utf8 COLLATE utf8_general_ci NULL DEFAULT '' COMMENT '登录IP地址',
  `login_location` varchar(255) CHARACTER SET utf8 COLLATE utf8_general_ci NULL DEFAULT '' COMMENT '登录地点',
  `browser` varchar(50) CHARACTER SET utf8 COLLATE utf8_general_ci NULL DEFAULT '' COMMENT '浏览器类型',
  `os` varchar(50) CHARACTER SET utf8 COLLATE utf8_general_ci NULL DEFAULT '' COMMENT '操作系统',
  `status` char(1) CHARACTER SET utf8 COLLATE utf8_general_ci NULL DEFAULT '0' COMMENT '登录状态（0成功 1失败）',
  `msg` varchar(255) CHARACTER SET utf8 COLLATE utf8_general_ci NULL DEFAULT '' COMMENT '提示消息',
  `login_time` datetime(0) NULL DEFAULT NULL COMMENT '访问时间',
  PRIMARY KEY (`info_id`) USING BTREE,
  INDEX `idx_sys_logininfor_s`(`status`) USING BTREE,
  INDEX `idx_sys_logininfor_lt`(`login_time`) USING BTREE
) ENGINE = InnoDB AUTO_INCREMENT = 100 CHARACTER SET = utf8 COLLATE = utf8_general_ci COMMENT = '系统访问记录' ROW_FORMAT = Dynamic;

-- ----------------------------
-- Records of sys_logininfor
-- ----------------------------
INSERT INTO `sys_logininfor` VALUES (100, 'admin', '127.0.0.1', '内网IP', 'Chrome 12', 'Windows 10', '0', '登录成功', '2024-03-21 14:50:04');
INSERT INTO `sys_logininfor` VALUES (101, 'admin', '127.0.0.1', '内网IP', 'Chrome 12', 'Windows 10', '1', '验证码错误', '2024-03-21 18:17:05');
INSERT INTO `sys_logininfor` VALUES (102, 'admin', '127.0.0.1', '内网IP', 'Chrome 12', 'Windows 10', '0', '登录成功', '2024-03-21 18:17:09');

-- ----------------------------
-- Table structure for sys_menu
-- ----------------------------
DROP TABLE IF EXISTS `sys_menu`;
CREATE TABLE `sys_menu`  (
  `menu_id` bigint(0) NOT NULL AUTO_INCREMENT COMMENT '菜单ID',
  `menu_name` varchar(50) CHARACTER SET utf8 COLLATE utf8_general_ci NOT NULL COMMENT '菜单名称',
  `parent_id` bigint(0) NULL DEFAULT 0 COMMENT '父菜单ID',
  `order_num` int(0) NULL DEFAULT 0 COMMENT '显示顺序',
  `path` varchar(200) CHARACTER SET utf8 COLLATE utf8_general_ci NULL DEFAULT '' COMMENT '路由地址',
  `component` varchar(255) CHARACTER SET utf8 COLLATE utf8_general_ci NULL DEFAULT NULL COMMENT '组件路径',
  `query` varchar(255) CHARACTER SET utf8 COLLATE utf8_general_ci NULL DEFAULT NULL COMMENT '路由参数',
  `is_frame` int(0) NULL DEFAULT 1 COMMENT '是否为外链（0是 1否）',
  `is_cache` int(0) NULL DEFAULT 0 COMMENT '是否缓存（0缓存 1不缓存）',
  `menu_type` char(1) CHARACTER SET utf8 COLLATE utf8_general_ci NULL DEFAULT '' COMMENT '菜单类型（M目录 C菜单 F按钮）',
  `visible` char(1) CHARACTER SET utf8 COLLATE utf8_general_ci NULL DEFAULT '0' COMMENT '菜单状态（0显示 1隐藏）',
  `status` char(1) CHARACTER SET utf8 COLLATE utf8_general_ci NULL DEFAULT '0' COMMENT '菜单状态（0正常 1停用）',
  `perms` varchar(100) CHARACTER SET utf8 COLLATE utf8_general_ci NULL DEFAULT NULL COMMENT '权限标识',
  `icon` varchar(100) CHARACTER SET utf8 COLLATE utf8_general_ci NULL DEFAULT '#' COMMENT '菜单图标',
  `create_by` varchar(64) CHARACTER SET utf8 COLLATE utf8_general_ci NULL DEFAULT '' COMMENT '创建者',
  `create_time` datetime(0) NULL DEFAULT NULL COMMENT '创建时间',
  `update_by` varchar(64) CHARACTER SET utf8 COLLATE utf8_general_ci NULL DEFAULT '' COMMENT '更新者',
  `update_time` datetime(0) NULL DEFAULT NULL COMMENT '更新时间',
  `remark` varchar(500) CHARACTER SET utf8 COLLATE utf8_general_ci NULL DEFAULT '' COMMENT '备注',
  PRIMARY KEY (`menu_id`) USING BTREE
) ENGINE = InnoDB AUTO_INCREMENT = 2000 CHARACTER SET = utf8 COLLATE = utf8_general_ci COMMENT = '菜单权限表' ROW_FORMAT = Dynamic;

-- ----------------------------
-- Records of sys_menu
-- ----------------------------
INSERT INTO `sys_menu` VALUES (1, '系统管理', 0, 1, 'system', NULL, '', 1, 0, 'M', '0', '0', '', 'system', 'admin', '2024-03-21 14:40:56', '', NULL, '系统管理目录');
INSERT INTO `sys_menu` VALUES (2, '系统监控', 0, 2, 'monitor', NULL, '', 1, 0, 'M', '1', '1', '', 'monitor', 'admin', '2024-03-21 14:40:56', 'admin', '2024-03-21 19:07:20', '系统监控目录');
INSERT INTO `sys_menu` VALUES (3, '系统工具', 0, 3, 'tool', NULL, '', 1, 0, 'M', '0', '0', '', 'tool', 'admin', '2024-03-21 14:40:56', '', NULL, '系统工具目录');
INSERT INTO `sys_menu` VALUES (100, '用户管理', 1, 1, 'user', 'system/user/index', '', 1, 0, 'C', '0', '0', 'system:user:list', 'user', 'admin', '2024-03-21 14:40:56', '', NULL, '用户管理菜单');
INSERT INTO `sys_menu` VALUES (101, '角色管理', 1, 2, 'role', 'system/role/index', '', 1, 0, 'C', '0', '0', 'system:role:list', 'peoples', 'admin', '2024-03-21 14:40:56', '', NULL, '角色管理菜单');
INSERT INTO `sys_menu` VALUES (102, '菜单管理', 1, 3, 'menu', 'system/menu/index', '', 1, 0, 'C', '0', '0', 'system:menu:list', 'tree-table', 'admin', '2024-03-21 14:40:56', '', NULL, '菜单管理菜单');
INSERT INTO `sys_menu` VALUES (103, '部门管理', 1, 4, 'dept', 'system/dept/index', '', 1, 0, 'C', '1', '1', 'system:dept:list', 'tree', 'admin', '2024-03-21 14:40:56', 'admin', '2024-03-21 19:17:43', '部门管理菜单');
INSERT INTO `sys_menu` VALUES (104, '岗位管理', 1, 5, 'post', 'system/post/index', '', 1, 0, 'C', '1', '1', 'system:post:list', 'post', 'admin', '2024-03-21 14:40:56', 'admin', '2024-03-21 19:17:38', '岗位管理菜单');
INSERT INTO `sys_menu` VALUES (105, '字典管理', 1, 6, 'dict', 'system/dict/index', '', 1, 0, 'C', '1', '1', 'system:dict:list', 'dict', 'admin', '2024-03-21 14:40:56', 'admin', '2024-03-21 19:17:33', '字典管理菜单');
INSERT INTO `sys_menu` VALUES (106, '参数设置', 1, 7, 'config', 'system/config/index', '', 1, 0, 'C', '1', '1', 'system:config:list', 'edit', 'admin', '2024-03-21 14:40:56', 'admin', '2024-03-21 19:17:29', '参数设置菜单');
INSERT INTO `sys_menu` VALUES (107, '通知公告', 1, 8, 'notice', 'system/notice/index', '', 1, 0, 'C', '1', '1', 'system:notice:list', 'message', 'admin', '2024-03-21 14:40:56', 'admin', '2024-03-21 19:17:24', '通知公告菜单');
INSERT INTO `sys_menu` VALUES (108, '日志管理', 1, 9, 'log', '', '', 1, 0, 'M', '1', '1', '', 'log', 'admin', '2024-03-21 14:40:56', 'admin', '2024-03-21 19:17:19', '日志管理菜单');
INSERT INTO `sys_menu` VALUES (109, '在线用户', 2, 1, 'online', 'monitor/online/index', '', 1, 0, 'C', '0', '0', 'monitor:online:list', 'online', 'admin', '2024-03-21 14:40:56', '', NULL, '在线用户菜单');
INSERT INTO `sys_menu` VALUES (110, '定时任务', 2, 2, 'job', 'monitor/job/index', '', 1, 0, 'C', '0', '0', 'monitor:job:list', 'job', 'admin', '2024-03-21 14:40:56', '', NULL, '定时任务菜单');
INSERT INTO `sys_menu` VALUES (111, '数据监控', 2, 3, 'druid', 'monitor/druid/index', '', 1, 0, 'C', '1', '1', 'monitor:druid:list', 'druid', 'admin', '2024-03-21 14:40:56', 'admin', '2024-03-21 19:16:12', '数据监控菜单');
INSERT INTO `sys_menu` VALUES (112, '服务监控', 2, 4, 'server', 'monitor/server/index', '', 1, 0, 'C', '1', '1', 'monitor:server:list', 'server', 'admin', '2024-03-21 14:40:56', 'admin', '2024-03-21 19:16:17', '服务监控菜单');
INSERT INTO `sys_menu` VALUES (113, '缓存监控', 2, 5, 'cache', 'monitor/cache/index', '', 1, 0, 'C', '1', '1', 'monitor:cache:list', 'redis', 'admin', '2024-03-21 14:40:56', 'admin', '2024-03-21 19:16:25', '缓存监控菜单');
INSERT INTO `sys_menu` VALUES (114, '缓存列表', 2, 6, 'cacheList', 'monitor/cache/list', '', 1, 0, 'C', '1', '1', 'monitor:cache:list', 'redis-list', 'admin', '2024-03-21 14:40:56', 'admin', '2024-03-21 19:16:21', '缓存列表菜单');
INSERT INTO `sys_menu` VALUES (115, '表单构建', 3, 1, 'build', 'tool/build/index', '', 1, 0, 'C', '0', '0', 'tool:build:list', 'build', 'admin', '2024-03-21 14:40:56', '', NULL, '表单构建菜单');
INSERT INTO `sys_menu` VALUES (116, '代码生成', 3, 2, 'gen', 'tool/gen/index', '', 1, 0, 'C', '0', '0', 'tool:gen:list', 'code', 'admin', '2024-03-21 14:40:56', '', NULL, '代码生成菜单');
INSERT INTO `sys_menu` VALUES (117, '系统接口', 3, 3, 'swagger', 'tool/swagger/index', '', 1, 0, 'C', '0', '0', 'tool:swagger:list', 'swagger', 'admin', '2024-03-21 14:40:56', '', NULL, '系统接口菜单');
INSERT INTO `sys_menu` VALUES (500, '操作日志', 108, 1, 'operlog', 'monitor/operlog/index', '', 1, 0, 'C', '0', '0', 'monitor:operlog:list', 'form', 'admin', '2024-03-21 14:40:56', '', NULL, '操作日志菜单');
INSERT INTO `sys_menu` VALUES (501, '登录日志', 108, 2, 'logininfor', 'monitor/logininfor/index', '', 1, 0, 'C', '0', '0', 'monitor:logininfor:list', 'logininfor', 'admin', '2024-03-21 14:40:56', '', NULL, '登录日志菜单');
INSERT INTO `sys_menu` VALUES (1000, '用户查询', 100, 1, '', '', '', 1, 0, 'F', '0', '0', 'system:user:query', '#', 'admin', '2024-03-21 14:40:56', '', NULL, '');
INSERT INTO `sys_menu` VALUES (1001, '用户新增', 100, 2, '', '', '', 1, 0, 'F', '0', '0', 'system:user:add', '#', 'admin', '2024-03-21 14:40:56', '', NULL, '');
INSERT INTO `sys_menu` VALUES (1002, '用户修改', 100, 3, '', '', '', 1, 0, 'F', '0', '0', 'system:user:edit', '#', 'admin', '2024-03-21 14:40:56', '', NULL, '');
INSERT INTO `sys_menu` VALUES (1003, '用户删除', 100, 4, '', '', '', 1, 0, 'F', '0', '0', 'system:user:remove', '#', 'admin', '2024-03-21 14:40:56', '', NULL, '');
INSERT INTO `sys_menu` VALUES (1004, '用户导出', 100, 5, '', '', '', 1, 0, 'F', '0', '0', 'system:user:export', '#', 'admin', '2024-03-21 14:40:56', '', NULL, '');
INSERT INTO `sys_menu` VALUES (1005, '用户导入', 100, 6, '', '', '', 1, 0, 'F', '0', '0', 'system:user:import', '#', 'admin', '2024-03-21 14:40:56', '', NULL, '');
INSERT INTO `sys_menu` VALUES (1006, '重置密码', 100, 7, '', '', '', 1, 0, 'F', '0', '0', 'system:user:resetPwd', '#', 'admin', '2024-03-21 14:40:56', '', NULL, '');
INSERT INTO `sys_menu` VALUES (1007, '角色查询', 101, 1, '', '', '', 1, 0, 'F', '0', '0', 'system:role:query', '#', 'admin', '2024-03-21 14:40:56', '', NULL, '');
INSERT INTO `sys_menu` VALUES (1008, '角色新增', 101, 2, '', '', '', 1, 0, 'F', '0', '0', 'system:role:add', '#', 'admin', '2024-03-21 14:40:56', '', NULL, '');
INSERT INTO `sys_menu` VALUES (1009, '角色修改', 101, 3, '', '', '', 1, 0, 'F', '0', '0', 'system:role:edit', '#', 'admin', '2024-03-21 14:40:56', '', NULL, '');
INSERT INTO `sys_menu` VALUES (1010, '角色删除', 101, 4, '', '', '', 1, 0, 'F', '0', '0', 'system:role:remove', '#', 'admin', '2024-03-21 14:40:56', '', NULL, '');
INSERT INTO `sys_menu` VALUES (1011, '角色导出', 101, 5, '', '', '', 1, 0, 'F', '0', '0', 'system:role:export', '#', 'admin', '2024-03-21 14:40:56', '', NULL, '');
INSERT INTO `sys_menu` VALUES (1012, '菜单查询', 102, 1, '', '', '', 1, 0, 'F', '0', '0', 'system:menu:query', '#', 'admin', '2024-03-21 14:40:56', '', NULL, '');
INSERT INTO `sys_menu` VALUES (1013, '菜单新增', 102, 2, '', '', '', 1, 0, 'F', '0', '0', 'system:menu:add', '#', 'admin', '2024-03-21 14:40:56', '', NULL, '');
INSERT INTO `sys_menu` VALUES (1014, '菜单修改', 102, 3, '', '', '', 1, 0, 'F', '0', '0', 'system:menu:edit', '#', 'admin', '2024-03-21 14:40:56', '', NULL, '');
INSERT INTO `sys_menu` VALUES (1015, '菜单删除', 102, 4, '', '', '', 1, 0, 'F', '0', '0', 'system:menu:remove', '#', 'admin', '2024-03-21 14:40:56', '', NULL, '');
INSERT INTO `sys_menu` VALUES (1016, '部门查询', 103, 1, '', '', '', 1, 0, 'F', '0', '0', 'system:dept:query', '#', 'admin', '2024-03-21 14:40:56', '', NULL, '');
INSERT INTO `sys_menu` VALUES (1017, '部门新增', 103, 2, '', '', '', 1, 0, 'F', '0', '0', 'system:dept:add', '#', 'admin', '2024-03-21 14:40:56', '', NULL, '');
INSERT INTO `sys_menu` VALUES (1018, '部门修改', 103, 3, '', '', '', 1, 0, 'F', '0', '0', 'system:dept:edit', '#', 'admin', '2024-03-21 14:40:56', '', NULL, '');
INSERT INTO `sys_menu` VALUES (1019, '部门删除', 103, 4, '', '', '', 1, 0, 'F', '0', '0', 'system:dept:remove', '#', 'admin', '2024-03-21 14:40:56', '', NULL, '');
INSERT INTO `sys_menu` VALUES (1020, '岗位查询', 104, 1, '', '', '', 1, 0, 'F', '0', '0', 'system:post:query', '#', 'admin', '2024-03-21 14:40:56', '', NULL, '');
INSERT INTO `sys_menu` VALUES (1021, '岗位新增', 104, 2, '', '', '', 1, 0, 'F', '0', '0', 'system:post:add', '#', 'admin', '2024-03-21 14:40:56', '', NULL, '');
INSERT INTO `sys_menu` VALUES (1022, '岗位修改', 104, 3, '', '', '', 1, 0, 'F', '0', '0', 'system:post:edit', '#', 'admin', '2024-03-21 14:40:56', '', NULL, '');
INSERT INTO `sys_menu` VALUES (1023, '岗位删除', 104, 4, '', '', '', 1, 0, 'F', '0', '0', 'system:post:remove', '#', 'admin', '2024-03-21 14:40:57', '', NULL, '');
INSERT INTO `sys_menu` VALUES (1024, '岗位导出', 104, 5, '', '', '', 1, 0, 'F', '0', '0', 'system:post:export', '#', 'admin', '2024-03-21 14:40:57', '', NULL, '');
INSERT INTO `sys_menu` VALUES (1025, '字典查询', 105, 1, '#', '', '', 1, 0, 'F', '0', '0', 'system:dict:query', '#', 'admin', '2024-03-21 14:40:57', '', NULL, '');
INSERT INTO `sys_menu` VALUES (1026, '字典新增', 105, 2, '#', '', '', 1, 0, 'F', '0', '0', 'system:dict:add', '#', 'admin', '2024-03-21 14:40:57', '', NULL, '');
INSERT INTO `sys_menu` VALUES (1027, '字典修改', 105, 3, '#', '', '', 1, 0, 'F', '0', '0', 'system:dict:edit', '#', 'admin', '2024-03-21 14:40:57', '', NULL, '');
INSERT INTO `sys_menu` VALUES (1028, '字典删除', 105, 4, '#', '', '', 1, 0, 'F', '0', '0', 'system:dict:remove', '#', 'admin', '2024-03-21 14:40:57', '', NULL, '');
INSERT INTO `sys_menu` VALUES (1029, '字典导出', 105, 5, '#', '', '', 1, 0, 'F', '0', '0', 'system:dict:export', '#', 'admin', '2024-03-21 14:40:57', '', NULL, '');
INSERT INTO `sys_menu` VALUES (1030, '参数查询', 106, 1, '#', '', '', 1, 0, 'F', '0', '0', 'system:config:query', '#', 'admin', '2024-03-21 14:40:57', '', NULL, '');
INSERT INTO `sys_menu` VALUES (1031, '参数新增', 106, 2, '#', '', '', 1, 0, 'F', '0', '0', 'system:config:add', '#', 'admin', '2024-03-21 14:40:57', '', NULL, '');
INSERT INTO `sys_menu` VALUES (1032, '参数修改', 106, 3, '#', '', '', 1, 0, 'F', '0', '0', 'system:config:edit', '#', 'admin', '2024-03-21 14:40:57', '', NULL, '');
INSERT INTO `sys_menu` VALUES (1033, '参数删除', 106, 4, '#', '', '', 1, 0, 'F', '0', '0', 'system:config:remove', '#', 'admin', '2024-03-21 14:40:57', '', NULL, '');
INSERT INTO `sys_menu` VALUES (1034, '参数导出', 106, 5, '#', '', '', 1, 0, 'F', '0', '0', 'system:config:export', '#', 'admin', '2024-03-21 14:40:57', '', NULL, '');
INSERT INTO `sys_menu` VALUES (1035, '公告查询', 107, 1, '#', '', '', 1, 0, 'F', '0', '0', 'system:notice:query', '#', 'admin', '2024-03-21 14:40:57', '', NULL, '');
INSERT INTO `sys_menu` VALUES (1036, '公告新增', 107, 2, '#', '', '', 1, 0, 'F', '0', '0', 'system:notice:add', '#', 'admin', '2024-03-21 14:40:57', '', NULL, '');
INSERT INTO `sys_menu` VALUES (1037, '公告修改', 107, 3, '#', '', '', 1, 0, 'F', '0', '0', 'system:notice:edit', '#', 'admin', '2024-03-21 14:40:57', '', NULL, '');
INSERT INTO `sys_menu` VALUES (1038, '公告删除', 107, 4, '#', '', '', 1, 0, 'F', '0', '0', 'system:notice:remove', '#', 'admin', '2024-03-21 14:40:57', '', NULL, '');
INSERT INTO `sys_menu` VALUES (1039, '操作查询', 500, 1, '#', '', '', 1, 0, 'F', '0', '0', 'monitor:operlog:query', '#', 'admin', '2024-03-21 14:40:57', '', NULL, '');
INSERT INTO `sys_menu` VALUES (1040, '操作删除', 500, 2, '#', '', '', 1, 0, 'F', '0', '0', 'monitor:operlog:remove', '#', 'admin', '2024-03-21 14:40:57', '', NULL, '');
INSERT INTO `sys_menu` VALUES (1041, '日志导出', 500, 3, '#', '', '', 1, 0, 'F', '0', '0', 'monitor:operlog:export', '#', 'admin', '2024-03-21 14:40:57', '', NULL, '');
INSERT INTO `sys_menu` VALUES (1042, '登录查询', 501, 1, '#', '', '', 1, 0, 'F', '0', '0', 'monitor:logininfor:query', '#', 'admin', '2024-03-21 14:40:57', '', NULL, '');
INSERT INTO `sys_menu` VALUES (1043, '登录删除', 501, 2, '#', '', '', 1, 0, 'F', '0', '0', 'monitor:logininfor:remove', '#', 'admin', '2024-03-21 14:40:57', '', NULL, '');
INSERT INTO `sys_menu` VALUES (1044, '日志导出', 501, 3, '#', '', '', 1, 0, 'F', '0', '0', 'monitor:logininfor:export', '#', 'admin', '2024-03-21 14:40:57', '', NULL, '');
INSERT INTO `sys_menu` VALUES (1045, '账户解锁', 501, 4, '#', '', '', 1, 0, 'F', '0', '0', 'monitor:logininfor:unlock', '#', 'admin', '2024-03-21 14:40:57', '', NULL, '');
INSERT INTO `sys_menu` VALUES (1046, '在线查询', 109, 1, '#', '', '', 1, 0, 'F', '0', '0', 'monitor:online:query', '#', 'admin', '2024-03-21 14:40:57', '', NULL, '');
INSERT INTO `sys_menu` VALUES (1047, '批量强退', 109, 2, '#', '', '', 1, 0, 'F', '0', '0', 'monitor:online:batchLogout', '#', 'admin', '2024-03-21 14:40:57', '', NULL, '');
INSERT INTO `sys_menu` VALUES (1048, '单条强退', 109, 3, '#', '', '', 1, 0, 'F', '0', '0', 'monitor:online:forceLogout', '#', 'admin', '2024-03-21 14:40:57', '', NULL, '');
INSERT INTO `sys_menu` VALUES (1049, '任务查询', 110, 1, '#', '', '', 1, 0, 'F', '0', '0', 'monitor:job:query', '#', 'admin', '2024-03-21 14:40:57', '', NULL, '');
INSERT INTO `sys_menu` VALUES (1050, '任务新增', 110, 2, '#', '', '', 1, 0, 'F', '0', '0', 'monitor:job:add', '#', 'admin', '2024-03-21 14:40:57', '', NULL, '');
INSERT INTO `sys_menu` VALUES (1051, '任务修改', 110, 3, '#', '', '', 1, 0, 'F', '0', '0', 'monitor:job:edit', '#', 'admin', '2024-03-21 14:40:57', '', NULL, '');
INSERT INTO `sys_menu` VALUES (1052, '任务删除', 110, 4, '#', '', '', 1, 0, 'F', '0', '0', 'monitor:job:remove', '#', 'admin', '2024-03-21 14:40:57', '', NULL, '');
INSERT INTO `sys_menu` VALUES (1053, '状态修改', 110, 5, '#', '', '', 1, 0, 'F', '0', '0', 'monitor:job:changeStatus', '#', 'admin', '2024-03-21 14:40:57', '', NULL, '');
INSERT INTO `sys_menu` VALUES (1054, '任务导出', 110, 6, '#', '', '', 1, 0, 'F', '0', '0', 'monitor:job:export', '#', 'admin', '2024-03-21 14:40:57', '', NULL, '');
INSERT INTO `sys_menu` VALUES (1055, '生成查询', 116, 1, '#', '', '', 1, 0, 'F', '0', '0', 'tool:gen:query', '#', 'admin', '2024-03-21 14:40:57', '', NULL, '');
INSERT INTO `sys_menu` VALUES (1056, '生成修改', 116, 2, '#', '', '', 1, 0, 'F', '0', '0', 'tool:gen:edit', '#', 'admin', '2024-03-21 14:40:57', '', NULL, '');
INSERT INTO `sys_menu` VALUES (1057, '生成删除', 116, 3, '#', '', '', 1, 0, 'F', '0', '0', 'tool:gen:remove', '#', 'admin', '2024-03-21 14:40:57', '', NULL, '');
INSERT INTO `sys_menu` VALUES (1058, '导入代码', 116, 4, '#', '', '', 1, 0, 'F', '0', '0', 'tool:gen:import', '#', 'admin', '2024-03-21 14:40:57', '', NULL, '');
INSERT INTO `sys_menu` VALUES (1059, '预览代码', 116, 5, '#', '', '', 1, 0, 'F', '0', '0', 'tool:gen:preview', '#', 'admin', '2024-03-21 14:40:57', '', NULL, '');
INSERT INTO `sys_menu` VALUES (1060, '生成代码', 116, 6, '#', '', '', 1, 0, 'F', '0', '0', 'tool:gen:code', '#', 'admin', '2024-03-21 14:40:57', '', NULL, '');
INSERT INTO `sys_menu` VALUES (2000, '票务用户管理', 0, 1, 'commonuser', NULL, NULL, 1, 0, 'M', '0', '0', '', 'people', 'admin', '2024-03-21 19:37:41', 'admin', '2024-03-21 19:42:54', '');
INSERT INTO `sys_menu` VALUES (2001, '用户管理', 2000, 1, 'commonuser/user', 'system/commonuser/index', NULL, 1, 1, 'C', '0', '0', 'system:ticuser:list', '#', 'admin', '2024-03-21 19:47:11', 'admin', '2024-03-21 19:48:42', '');
INSERT INTO `sys_menu` VALUES (2002, '新增', 2001, 1, '', NULL, NULL, 1, 0, 'F', '0', '0', 'system:ticuser:add', '#', 'admin', '2024-03-21 19:55:18', '', NULL, '');
INSERT INTO `sys_menu` VALUES (2003, '导出', 2001, 2, '', NULL, NULL, 1, 0, 'F', '0', '0', 'system:ticuser:export', '#', 'admin', '2024-03-21 19:55:39', '', NULL, '');
INSERT INTO `sys_menu` VALUES (2004, '删除', 2001, 3, '', NULL, NULL, 1, 0, 'F', '0', '0', 'system:ticuser:remove', '#', 'admin', '2024-03-21 19:56:02', '', NULL, '');
INSERT INTO `sys_menu` VALUES (2005, '编辑', 2001, 4, '', NULL, NULL, 1, 0, 'F', '0', '0', 'system:ticuser:edit', '#', 'admin', '2024-03-21 19:56:21', '', NULL, '');
INSERT INTO `sys_menu` VALUES (2006, '查询', 2001, 5, '', NULL, NULL, 1, 0, 'F', '0', '0', 'system:ticuser:query', '#', 'admin', '2024-03-21 19:56:38', '', NULL, '');

-- ----------------------------
-- Table structure for sys_notice
-- ----------------------------
DROP TABLE IF EXISTS `sys_notice`;
CREATE TABLE `sys_notice`  (
  `notice_id` int(0) NOT NULL AUTO_INCREMENT COMMENT '公告ID',
  `notice_title` varchar(50) CHARACTER SET utf8 COLLATE utf8_general_ci NOT NULL COMMENT '公告标题',
  `notice_type` char(1) CHARACTER SET utf8 COLLATE utf8_general_ci NOT NULL COMMENT '公告类型（1通知 2公告）',
  `notice_content` longblob NULL COMMENT '公告内容',
  `status` char(1) CHARACTER SET utf8 COLLATE utf8_general_ci NULL DEFAULT '0' COMMENT '公告状态（0正常 1关闭）',
  `create_by` varchar(64) CHARACTER SET utf8 COLLATE utf8_general_ci NULL DEFAULT '' COMMENT '创建者',
  `create_time` datetime(0) NULL DEFAULT NULL COMMENT '创建时间',
  `update_by` varchar(64) CHARACTER SET utf8 COLLATE utf8_general_ci NULL DEFAULT '' COMMENT '更新者',
  `update_time` datetime(0) NULL DEFAULT NULL COMMENT '更新时间',
  `remark` varchar(255) CHARACTER SET utf8 COLLATE utf8_general_ci NULL DEFAULT NULL COMMENT '备注',
  PRIMARY KEY (`notice_id`) USING BTREE
) ENGINE = InnoDB AUTO_INCREMENT = 10 CHARACTER SET = utf8 COLLATE = utf8_general_ci COMMENT = '通知公告表' ROW_FORMAT = Dynamic;

-- ----------------------------
-- Records of sys_notice
-- ----------------------------
INSERT INTO `sys_notice` VALUES (1, '温馨提醒：2018-07-01 若依新版本发布啦', '2', 0xE696B0E78988E69CACE58685E5AEB9, '0', 'admin', '2024-03-21 14:40:58', '', NULL, '管理员');
INSERT INTO `sys_notice` VALUES (2, '维护通知：2018-07-01 若依系统凌晨维护', '1', 0xE7BBB4E68AA4E58685E5AEB9, '0', 'admin', '2024-03-21 14:40:58', '', NULL, '管理员');

-- ----------------------------
-- Table structure for sys_oper_log
-- ----------------------------
DROP TABLE IF EXISTS `sys_oper_log`;
CREATE TABLE `sys_oper_log`  (
  `oper_id` bigint(0) NOT NULL AUTO_INCREMENT COMMENT '日志主键',
  `title` varchar(50) CHARACTER SET utf8 COLLATE utf8_general_ci NULL DEFAULT '' COMMENT '模块标题',
  `business_type` int(0) NULL DEFAULT 0 COMMENT '业务类型（0其它 1新增 2修改 3删除）',
  `method` varchar(100) CHARACTER SET utf8 COLLATE utf8_general_ci NULL DEFAULT '' COMMENT '方法名称',
  `request_method` varchar(10) CHARACTER SET utf8 COLLATE utf8_general_ci NULL DEFAULT '' COMMENT '请求方式',
  `operator_type` int(0) NULL DEFAULT 0 COMMENT '操作类别（0其它 1后台用户 2手机端用户）',
  `oper_name` varchar(50) CHARACTER SET utf8 COLLATE utf8_general_ci NULL DEFAULT '' COMMENT '操作人员',
  `dept_name` varchar(50) CHARACTER SET utf8 COLLATE utf8_general_ci NULL DEFAULT '' COMMENT '部门名称',
  `oper_url` varchar(255) CHARACTER SET utf8 COLLATE utf8_general_ci NULL DEFAULT '' COMMENT '请求URL',
  `oper_ip` varchar(128) CHARACTER SET utf8 COLLATE utf8_general_ci NULL DEFAULT '' COMMENT '主机地址',
  `oper_location` varchar(255) CHARACTER SET utf8 COLLATE utf8_general_ci NULL DEFAULT '' COMMENT '操作地点',
  `oper_param` varchar(2000) CHARACTER SET utf8 COLLATE utf8_general_ci NULL DEFAULT '' COMMENT '请求参数',
  `json_result` varchar(2000) CHARACTER SET utf8 COLLATE utf8_general_ci NULL DEFAULT '' COMMENT '返回参数',
  `status` int(0) NULL DEFAULT 0 COMMENT '操作状态（0正常 1异常）',
  `error_msg` varchar(2000) CHARACTER SET utf8 COLLATE utf8_general_ci NULL DEFAULT '' COMMENT '错误消息',
  `oper_time` datetime(0) NULL DEFAULT NULL COMMENT '操作时间',
  `cost_time` bigint(0) NULL DEFAULT 0 COMMENT '消耗时间',
  PRIMARY KEY (`oper_id`) USING BTREE,
  INDEX `idx_sys_oper_log_bt`(`business_type`) USING BTREE,
  INDEX `idx_sys_oper_log_s`(`status`) USING BTREE,
  INDEX `idx_sys_oper_log_ot`(`oper_time`) USING BTREE
) ENGINE = InnoDB AUTO_INCREMENT = 100 CHARACTER SET = utf8 COLLATE = utf8_general_ci COMMENT = '操作日志记录' ROW_FORMAT = Dynamic;

-- ----------------------------
-- Records of sys_oper_log
-- ----------------------------
INSERT INTO `sys_oper_log` VALUES (100, '菜单管理', 3, 'com.ruoyi.web.controller.system.SysMenuController.remove()', 'DELETE', 1, 'admin', '研发部门', '/system/menu/4', '127.0.0.1', '内网IP', '{}', '{\"msg\":\"菜单已分配,不允许删除\",\"code\":601}', 0, NULL, '2024-03-21 19:06:23', 14);
INSERT INTO `sys_oper_log` VALUES (101, '角色管理', 2, 'com.ruoyi.web.controller.system.SysRoleController.edit()', 'PUT', 1, 'admin', '研发部门', '/system/role', '127.0.0.1', '内网IP', '{\"admin\":false,\"createTime\":\"2024-03-21 14:40:56\",\"dataScope\":\"2\",\"delFlag\":\"0\",\"deptCheckStrictly\":true,\"flag\":false,\"menuCheckStrictly\":true,\"menuIds\":[1,100,1000,1001,1002,1003,1004,1005,1006,101,1007,1008,1009,1010,1011,102,1012,1013,1014,1015,103,1016,1017,1018,1019,104,1020,1021,1022,1023,1024,105,1025,1026,1027,1028,1029,106,1030,1031,1032,1033,1034,107,1035,1036,1037,1038,108,500,1039,1040,1041,501,1042,1043,1044,1045,3,115,116,1055,1056,1057,1058,1059,1060,117],\"params\":{},\"remark\":\"普通角色\",\"roleId\":2,\"roleKey\":\"common\",\"roleName\":\"普通角色\",\"roleSort\":2,\"status\":\"0\",\"updateBy\":\"admin\"}', '{\"msg\":\"操作成功\",\"code\":200}', 0, NULL, '2024-03-21 19:06:39', 51);
INSERT INTO `sys_oper_log` VALUES (102, '菜单管理', 3, 'com.ruoyi.web.controller.system.SysMenuController.remove()', 'DELETE', 1, 'admin', '研发部门', '/system/menu/4', '127.0.0.1', '内网IP', '{}', '{\"msg\":\"操作成功\",\"code\":200}', 0, NULL, '2024-03-21 19:06:47', 13);
INSERT INTO `sys_oper_log` VALUES (103, '菜单管理', 3, 'com.ruoyi.web.controller.system.SysMenuController.remove()', 'DELETE', 1, 'admin', '研发部门', '/system/menu/2', '127.0.0.1', '内网IP', '{}', '{\"msg\":\"存在子菜单,不允许删除\",\"code\":601}', 0, NULL, '2024-03-21 19:07:10', 4);
INSERT INTO `sys_oper_log` VALUES (104, '菜单管理', 2, 'com.ruoyi.web.controller.system.SysMenuController.edit()', 'PUT', 1, 'admin', '研发部门', '/system/menu', '127.0.0.1', '内网IP', '{\"children\":[],\"createTime\":\"2024-03-21 14:40:56\",\"icon\":\"monitor\",\"isCache\":\"0\",\"isFrame\":\"1\",\"menuId\":2,\"menuName\":\"系统监控\",\"menuType\":\"M\",\"orderNum\":2,\"params\":{},\"parentId\":0,\"path\":\"monitor\",\"perms\":\"\",\"query\":\"\",\"status\":\"1\",\"updateBy\":\"admin\",\"visible\":\"1\"}', '{\"msg\":\"操作成功\",\"code\":200}', 0, NULL, '2024-03-21 19:07:20', 15);
INSERT INTO `sys_oper_log` VALUES (105, '菜单管理', 2, 'com.ruoyi.web.controller.system.SysMenuController.edit()', 'PUT', 1, 'admin', '研发部门', '/system/menu', '127.0.0.1', '内网IP', '{\"children\":[],\"component\":\"monitor/druid/index\",\"createTime\":\"2024-03-21 14:40:56\",\"icon\":\"druid\",\"isCache\":\"0\",\"isFrame\":\"1\",\"menuId\":111,\"menuName\":\"数据监控\",\"menuType\":\"C\",\"orderNum\":3,\"params\":{},\"parentId\":2,\"path\":\"druid\",\"perms\":\"monitor:druid:list\",\"query\":\"\",\"status\":\"1\",\"updateBy\":\"admin\",\"visible\":\"1\"}', '{\"msg\":\"操作成功\",\"code\":200}', 0, NULL, '2024-03-21 19:16:12', 50);
INSERT INTO `sys_oper_log` VALUES (106, '菜单管理', 2, 'com.ruoyi.web.controller.system.SysMenuController.edit()', 'PUT', 1, 'admin', '研发部门', '/system/menu', '127.0.0.1', '内网IP', '{\"children\":[],\"component\":\"monitor/server/index\",\"createTime\":\"2024-03-21 14:40:56\",\"icon\":\"server\",\"isCache\":\"0\",\"isFrame\":\"1\",\"menuId\":112,\"menuName\":\"服务监控\",\"menuType\":\"C\",\"orderNum\":4,\"params\":{},\"parentId\":2,\"path\":\"server\",\"perms\":\"monitor:server:list\",\"query\":\"\",\"status\":\"1\",\"updateBy\":\"admin\",\"visible\":\"1\"}', '{\"msg\":\"操作成功\",\"code\":200}', 0, NULL, '2024-03-21 19:16:17', 59);
INSERT INTO `sys_oper_log` VALUES (107, '菜单管理', 2, 'com.ruoyi.web.controller.system.SysMenuController.edit()', 'PUT', 1, 'admin', '研发部门', '/system/menu', '127.0.0.1', '内网IP', '{\"children\":[],\"component\":\"monitor/cache/list\",\"createTime\":\"2024-03-21 14:40:56\",\"icon\":\"redis-list\",\"isCache\":\"0\",\"isFrame\":\"1\",\"menuId\":114,\"menuName\":\"缓存列表\",\"menuType\":\"C\",\"orderNum\":6,\"params\":{},\"parentId\":2,\"path\":\"cacheList\",\"perms\":\"monitor:cache:list\",\"query\":\"\",\"status\":\"1\",\"updateBy\":\"admin\",\"visible\":\"1\"}', '{\"msg\":\"操作成功\",\"code\":200}', 0, NULL, '2024-03-21 19:16:21', 58);
INSERT INTO `sys_oper_log` VALUES (108, '菜单管理', 2, 'com.ruoyi.web.controller.system.SysMenuController.edit()', 'PUT', 1, 'admin', '研发部门', '/system/menu', '127.0.0.1', '内网IP', '{\"children\":[],\"component\":\"monitor/cache/index\",\"createTime\":\"2024-03-21 14:40:56\",\"icon\":\"redis\",\"isCache\":\"0\",\"isFrame\":\"1\",\"menuId\":113,\"menuName\":\"缓存监控\",\"menuType\":\"C\",\"orderNum\":5,\"params\":{},\"parentId\":2,\"path\":\"cache\",\"perms\":\"monitor:cache:list\",\"query\":\"\",\"status\":\"1\",\"updateBy\":\"admin\",\"visible\":\"1\"}', '{\"msg\":\"操作成功\",\"code\":200}', 0, NULL, '2024-03-21 19:16:25', 80);
INSERT INTO `sys_oper_log` VALUES (109, '菜单管理', 2, 'com.ruoyi.web.controller.system.SysMenuController.edit()', 'PUT', 1, 'admin', '研发部门', '/system/menu', '127.0.0.1', '内网IP', '{\"children\":[],\"component\":\"\",\"createTime\":\"2024-03-21 14:40:56\",\"icon\":\"log\",\"isCache\":\"0\",\"isFrame\":\"1\",\"menuId\":108,\"menuName\":\"日志管理\",\"menuType\":\"M\",\"orderNum\":9,\"params\":{},\"parentId\":1,\"path\":\"log\",\"perms\":\"\",\"query\":\"\",\"status\":\"1\",\"updateBy\":\"admin\",\"visible\":\"1\"}', '{\"msg\":\"操作成功\",\"code\":200}', 0, NULL, '2024-03-21 19:17:19', 64);
INSERT INTO `sys_oper_log` VALUES (110, '菜单管理', 2, 'com.ruoyi.web.controller.system.SysMenuController.edit()', 'PUT', 1, 'admin', '研发部门', '/system/menu', '127.0.0.1', '内网IP', '{\"children\":[],\"component\":\"system/notice/index\",\"createTime\":\"2024-03-21 14:40:56\",\"icon\":\"message\",\"isCache\":\"0\",\"isFrame\":\"1\",\"menuId\":107,\"menuName\":\"通知公告\",\"menuType\":\"C\",\"orderNum\":8,\"params\":{},\"parentId\":1,\"path\":\"notice\",\"perms\":\"system:notice:list\",\"query\":\"\",\"status\":\"1\",\"updateBy\":\"admin\",\"visible\":\"1\"}', '{\"msg\":\"操作成功\",\"code\":200}', 0, NULL, '2024-03-21 19:17:24', 68);
INSERT INTO `sys_oper_log` VALUES (111, '菜单管理', 2, 'com.ruoyi.web.controller.system.SysMenuController.edit()', 'PUT', 1, 'admin', '研发部门', '/system/menu', '127.0.0.1', '内网IP', '{\"children\":[],\"component\":\"system/config/index\",\"createTime\":\"2024-03-21 14:40:56\",\"icon\":\"edit\",\"isCache\":\"0\",\"isFrame\":\"1\",\"menuId\":106,\"menuName\":\"参数设置\",\"menuType\":\"C\",\"orderNum\":7,\"params\":{},\"parentId\":1,\"path\":\"config\",\"perms\":\"system:config:list\",\"query\":\"\",\"status\":\"1\",\"updateBy\":\"admin\",\"visible\":\"1\"}', '{\"msg\":\"操作成功\",\"code\":200}', 0, NULL, '2024-03-21 19:17:29', 62);
INSERT INTO `sys_oper_log` VALUES (112, '菜单管理', 2, 'com.ruoyi.web.controller.system.SysMenuController.edit()', 'PUT', 1, 'admin', '研发部门', '/system/menu', '127.0.0.1', '内网IP', '{\"children\":[],\"component\":\"system/dict/index\",\"createTime\":\"2024-03-21 14:40:56\",\"icon\":\"dict\",\"isCache\":\"0\",\"isFrame\":\"1\",\"menuId\":105,\"menuName\":\"字典管理\",\"menuType\":\"C\",\"orderNum\":6,\"params\":{},\"parentId\":1,\"path\":\"dict\",\"perms\":\"system:dict:list\",\"query\":\"\",\"status\":\"1\",\"updateBy\":\"admin\",\"visible\":\"1\"}', '{\"msg\":\"操作成功\",\"code\":200}', 0, NULL, '2024-03-21 19:17:33', 20);
INSERT INTO `sys_oper_log` VALUES (113, '菜单管理', 2, 'com.ruoyi.web.controller.system.SysMenuController.edit()', 'PUT', 1, 'admin', '研发部门', '/system/menu', '127.0.0.1', '内网IP', '{\"children\":[],\"component\":\"system/post/index\",\"createTime\":\"2024-03-21 14:40:56\",\"icon\":\"post\",\"isCache\":\"0\",\"isFrame\":\"1\",\"menuId\":104,\"menuName\":\"岗位管理\",\"menuType\":\"C\",\"orderNum\":5,\"params\":{},\"parentId\":1,\"path\":\"post\",\"perms\":\"system:post:list\",\"query\":\"\",\"status\":\"1\",\"updateBy\":\"admin\",\"visible\":\"1\"}', '{\"msg\":\"操作成功\",\"code\":200}', 0, NULL, '2024-03-21 19:17:38', 18);
INSERT INTO `sys_oper_log` VALUES (114, '菜单管理', 2, 'com.ruoyi.web.controller.system.SysMenuController.edit()', 'PUT', 1, 'admin', '研发部门', '/system/menu', '127.0.0.1', '内网IP', '{\"children\":[],\"component\":\"system/dept/index\",\"createTime\":\"2024-03-21 14:40:56\",\"icon\":\"tree\",\"isCache\":\"0\",\"isFrame\":\"1\",\"menuId\":103,\"menuName\":\"部门管理\",\"menuType\":\"C\",\"orderNum\":4,\"params\":{},\"parentId\":1,\"path\":\"dept\",\"perms\":\"system:dept:list\",\"query\":\"\",\"status\":\"1\",\"updateBy\":\"admin\",\"visible\":\"1\"}', '{\"msg\":\"操作成功\",\"code\":200}', 0, NULL, '2024-03-21 19:17:43', 15);
INSERT INTO `sys_oper_log` VALUES (115, '代码生成', 6, 'com.ruoyi.generator.controller.GenController.importTableSave()', 'POST', 1, 'admin', '研发部门', '/tool/gen/importTable', '127.0.0.1', '内网IP', '{\"tables\":\"tic_notice,tic_ticket,tic_category,tic_order_detail,tic_order_info,tic_user\"}', '{\"msg\":\"操作成功\",\"code\":200}', 0, NULL, '2024-03-21 19:20:24', 177);
INSERT INTO `sys_oper_log` VALUES (116, '代码生成', 8, 'com.ruoyi.generator.controller.GenController.batchGenCode()', 'GET', 1, 'admin', '研发部门', '/tool/gen/batchGenCode', '127.0.0.1', '内网IP', '{\"tables\":\"tic_category,tic_notice,tic_order_detail,tic_order_info,tic_ticket,tic_user\"}', NULL, 0, NULL, '2024-03-21 19:21:11', 352);
INSERT INTO `sys_oper_log` VALUES (117, '菜单管理', 1, 'com.ruoyi.web.controller.system.SysMenuController.add()', 'POST', 1, 'admin', '研发部门', '/system/menu', '127.0.0.1', '内网IP', '{\"children\":[],\"createBy\":\"admin\",\"icon\":\"people\",\"isCache\":\"0\",\"isFrame\":\"1\",\"menuName\":\"票务用户管理\",\"menuType\":\"M\",\"orderNum\":1,\"params\":{},\"parentId\":0,\"path\":\"/ticsystem/user\",\"status\":\"0\",\"visible\":\"0\"}', '{\"msg\":\"操作成功\",\"code\":200}', 0, NULL, '2024-03-21 19:37:41', 40);
INSERT INTO `sys_oper_log` VALUES (118, '菜单管理', 2, 'com.ruoyi.web.controller.system.SysMenuController.edit()', 'PUT', 1, 'admin', '研发部门', '/system/menu', '127.0.0.1', '内网IP', '{\"children\":[],\"createTime\":\"2024-03-21 19:37:41\",\"icon\":\"people\",\"isCache\":\"0\",\"isFrame\":\"1\",\"menuId\":2000,\"menuName\":\"票务用户管理\",\"menuType\":\"M\",\"orderNum\":1,\"params\":{},\"parentId\":0,\"path\":\"system/commonuser/index\",\"perms\":\"\",\"status\":\"0\",\"updateBy\":\"admin\",\"visible\":\"0\"}', '{\"msg\":\"操作成功\",\"code\":200}', 0, NULL, '2024-03-21 19:38:58', 16);
INSERT INTO `sys_oper_log` VALUES (119, '菜单管理', 2, 'com.ruoyi.web.controller.system.SysMenuController.edit()', 'PUT', 1, 'admin', '研发部门', '/system/menu', '127.0.0.1', '内网IP', '{\"children\":[],\"createTime\":\"2024-03-21 19:37:41\",\"icon\":\"people\",\"isCache\":\"0\",\"isFrame\":\"1\",\"menuId\":2000,\"menuName\":\"票务用户管理\",\"menuType\":\"M\",\"orderNum\":1,\"params\":{},\"parentId\":0,\"path\":\"commonuser\",\"perms\":\"\",\"status\":\"0\",\"updateBy\":\"admin\",\"visible\":\"0\"}', '{\"msg\":\"操作成功\",\"code\":200}', 0, NULL, '2024-03-21 19:42:54', 13);
INSERT INTO `sys_oper_log` VALUES (120, '菜单管理', 1, 'com.ruoyi.web.controller.system.SysMenuController.add()', 'POST', 1, 'admin', '研发部门', '/system/menu', '127.0.0.1', '内网IP', '{\"children\":[],\"component\":\"system/commonuser/user\",\"createBy\":\"admin\",\"isCache\":\"0\",\"isFrame\":\"1\",\"menuName\":\"用户管理\",\"menuType\":\"C\",\"orderNum\":1,\"params\":{},\"parentId\":2000,\"path\":\"commonuser/user\",\"perms\":\"system:ticuser:list\",\"status\":\"0\",\"visible\":\"0\"}', '{\"msg\":\"操作成功\",\"code\":200}', 0, NULL, '2024-03-21 19:47:11', 53);
INSERT INTO `sys_oper_log` VALUES (121, '菜单管理', 2, 'com.ruoyi.web.controller.system.SysMenuController.edit()', 'PUT', 1, 'admin', '研发部门', '/system/menu', '127.0.0.1', '内网IP', '{\"children\":[],\"component\":\"system/commonuser/user\",\"createTime\":\"2024-03-21 19:47:11\",\"icon\":\"#\",\"isCache\":\"1\",\"isFrame\":\"1\",\"menuId\":2001,\"menuName\":\"用户管理\",\"menuType\":\"C\",\"orderNum\":1,\"params\":{},\"parentId\":2000,\"path\":\"commonuser/user\",\"perms\":\"system:ticuser:list\",\"status\":\"0\",\"updateBy\":\"admin\",\"visible\":\"0\"}', '{\"msg\":\"操作成功\",\"code\":200}', 0, NULL, '2024-03-21 19:48:18', 15);
INSERT INTO `sys_oper_log` VALUES (122, '菜单管理', 2, 'com.ruoyi.web.controller.system.SysMenuController.edit()', 'PUT', 1, 'admin', '研发部门', '/system/menu', '127.0.0.1', '内网IP', '{\"children\":[],\"component\":\"system/commonuser/index\",\"createTime\":\"2024-03-21 19:47:11\",\"icon\":\"#\",\"isCache\":\"1\",\"isFrame\":\"1\",\"menuId\":2001,\"menuName\":\"用户管理\",\"menuType\":\"C\",\"orderNum\":1,\"params\":{},\"parentId\":2000,\"path\":\"commonuser/user\",\"perms\":\"system:ticuser:list\",\"status\":\"0\",\"updateBy\":\"admin\",\"visible\":\"0\"}', '{\"msg\":\"操作成功\",\"code\":200}', 0, NULL, '2024-03-21 19:48:42', 12);
INSERT INTO `sys_oper_log` VALUES (123, '【请填写功能名称】', 1, 'com.ruoyi.web.controller.system.TicUserController.add()', 'POST', 1, 'admin', '研发部门', '/ticsystem/user', '127.0.0.1', '内网IP', '{\"createTime\":\"2024-03-21 19:50:30\",\"id\":9,\"params\":{}}', '{\"msg\":\"操作成功\",\"code\":200}', 0, NULL, '2024-03-21 19:50:30', 18);
INSERT INTO `sys_oper_log` VALUES (124, '菜单管理', 1, 'com.ruoyi.web.controller.system.SysMenuController.add()', 'POST', 1, 'admin', '研发部门', '/system/menu', '127.0.0.1', '内网IP', '{\"children\":[],\"createBy\":\"admin\",\"isCache\":\"0\",\"isFrame\":\"1\",\"menuName\":\"新增\",\"menuType\":\"F\",\"orderNum\":1,\"params\":{},\"parentId\":2001,\"perms\":\"system:ticuser:add\",\"status\":\"0\",\"visible\":\"0\"}', '{\"msg\":\"操作成功\",\"code\":200}', 0, NULL, '2024-03-21 19:55:18', 12);
INSERT INTO `sys_oper_log` VALUES (125, '菜单管理', 1, 'com.ruoyi.web.controller.system.SysMenuController.add()', 'POST', 1, 'admin', '研发部门', '/system/menu', '127.0.0.1', '内网IP', '{\"children\":[],\"createBy\":\"admin\",\"isCache\":\"0\",\"isFrame\":\"1\",\"menuName\":\"导出\",\"menuType\":\"F\",\"orderNum\":2,\"params\":{},\"parentId\":2001,\"perms\":\"system:ticuser:export\",\"status\":\"0\",\"visible\":\"0\"}', '{\"msg\":\"操作成功\",\"code\":200}', 0, NULL, '2024-03-21 19:55:39', 10);
INSERT INTO `sys_oper_log` VALUES (126, '菜单管理', 1, 'com.ruoyi.web.controller.system.SysMenuController.add()', 'POST', 1, 'admin', '研发部门', '/system/menu', '127.0.0.1', '内网IP', '{\"children\":[],\"createBy\":\"admin\",\"isCache\":\"0\",\"isFrame\":\"1\",\"menuName\":\"删除\",\"menuType\":\"F\",\"orderNum\":3,\"params\":{},\"parentId\":2001,\"perms\":\"system:ticuser:remove\",\"status\":\"0\",\"visible\":\"0\"}', '{\"msg\":\"操作成功\",\"code\":200}', 0, NULL, '2024-03-21 19:56:02', 12);
INSERT INTO `sys_oper_log` VALUES (127, '菜单管理', 1, 'com.ruoyi.web.controller.system.SysMenuController.add()', 'POST', 1, 'admin', '研发部门', '/system/menu', '127.0.0.1', '内网IP', '{\"children\":[],\"createBy\":\"admin\",\"isCache\":\"0\",\"isFrame\":\"1\",\"menuName\":\"编辑\",\"menuType\":\"F\",\"orderNum\":4,\"params\":{},\"parentId\":2001,\"perms\":\"system:ticuser:edit\",\"status\":\"0\",\"visible\":\"0\"}', '{\"msg\":\"操作成功\",\"code\":200}', 0, NULL, '2024-03-21 19:56:21', 11);
INSERT INTO `sys_oper_log` VALUES (128, '菜单管理', 1, 'com.ruoyi.web.controller.system.SysMenuController.add()', 'POST', 1, 'admin', '研发部门', '/system/menu', '127.0.0.1', '内网IP', '{\"children\":[],\"createBy\":\"admin\",\"isCache\":\"0\",\"isFrame\":\"1\",\"menuName\":\"查询\",\"menuType\":\"F\",\"orderNum\":5,\"params\":{},\"parentId\":2001,\"perms\":\"system:ticuser:query\",\"status\":\"0\",\"visible\":\"0\"}', '{\"msg\":\"操作成功\",\"code\":200}', 0, NULL, '2024-03-21 19:56:38', 12);
INSERT INTO `sys_oper_log` VALUES (129, '【请填写功能名称】', 1, 'com.ruoyi.web.controller.system.TicUserController.add()', 'POST', 1, 'admin', '研发部门', '/ticsystem/user', '127.0.0.1', '内网IP', '{\"age\":6,\"createTime\":\"2024-03-21 20:02:21\",\"email\":\"6\",\"id\":10,\"params\":{},\"username\":\"6\"}', '{\"msg\":\"操作成功\",\"code\":200}', 0, NULL, '2024-03-21 20:02:22', 40);
INSERT INTO `sys_oper_log` VALUES (130, '【请填写功能名称】', 5, 'com.ruoyi.web.controller.system.TicUserController.export()', 'POST', 1, 'admin', '研发部门', '/ticsystem/user/export', '127.0.0.1', '内网IP', '{\"pageSize\":\"10\",\"pageNum\":\"1\"}', NULL, 0, NULL, '2024-03-21 20:02:51', 734);

-- ----------------------------
-- Table structure for sys_post
-- ----------------------------
DROP TABLE IF EXISTS `sys_post`;
CREATE TABLE `sys_post`  (
  `post_id` bigint(0) NOT NULL AUTO_INCREMENT COMMENT '岗位ID',
  `post_code` varchar(64) CHARACTER SET utf8 COLLATE utf8_general_ci NOT NULL COMMENT '岗位编码',
  `post_name` varchar(50) CHARACTER SET utf8 COLLATE utf8_general_ci NOT NULL COMMENT '岗位名称',
  `post_sort` int(0) NOT NULL COMMENT '显示顺序',
  `status` char(1) CHARACTER SET utf8 COLLATE utf8_general_ci NOT NULL COMMENT '状态（0正常 1停用）',
  `create_by` varchar(64) CHARACTER SET utf8 COLLATE utf8_general_ci NULL DEFAULT '' COMMENT '创建者',
  `create_time` datetime(0) NULL DEFAULT NULL COMMENT '创建时间',
  `update_by` varchar(64) CHARACTER SET utf8 COLLATE utf8_general_ci NULL DEFAULT '' COMMENT '更新者',
  `update_time` datetime(0) NULL DEFAULT NULL COMMENT '更新时间',
  `remark` varchar(500) CHARACTER SET utf8 COLLATE utf8_general_ci NULL DEFAULT NULL COMMENT '备注',
  PRIMARY KEY (`post_id`) USING BTREE
) ENGINE = InnoDB AUTO_INCREMENT = 5 CHARACTER SET = utf8 COLLATE = utf8_general_ci COMMENT = '岗位信息表' ROW_FORMAT = Dynamic;

-- ----------------------------
-- Records of sys_post
-- ----------------------------
INSERT INTO `sys_post` VALUES (1, 'ceo', '董事长', 1, '0', 'admin', '2024-03-21 14:40:56', '', NULL, '');
INSERT INTO `sys_post` VALUES (2, 'se', '项目经理', 2, '0', 'admin', '2024-03-21 14:40:56', '', NULL, '');
INSERT INTO `sys_post` VALUES (3, 'hr', '人力资源', 3, '0', 'admin', '2024-03-21 14:40:56', '', NULL, '');
INSERT INTO `sys_post` VALUES (4, 'user', '普通员工', 4, '0', 'admin', '2024-03-21 14:40:56', '', NULL, '');

-- ----------------------------
-- Table structure for sys_role
-- ----------------------------
DROP TABLE IF EXISTS `sys_role`;
CREATE TABLE `sys_role`  (
  `role_id` bigint(0) NOT NULL AUTO_INCREMENT COMMENT '角色ID',
  `role_name` varchar(30) CHARACTER SET utf8 COLLATE utf8_general_ci NOT NULL COMMENT '角色名称',
  `role_key` varchar(100) CHARACTER SET utf8 COLLATE utf8_general_ci NOT NULL COMMENT '角色权限字符串',
  `role_sort` int(0) NOT NULL COMMENT '显示顺序',
  `data_scope` char(1) CHARACTER SET utf8 COLLATE utf8_general_ci NULL DEFAULT '1' COMMENT '数据范围（1：全部数据权限 2：自定数据权限 3：本部门数据权限 4：本部门及以下数据权限）',
  `menu_check_strictly` tinyint(1) NULL DEFAULT 1 COMMENT '菜单树选择项是否关联显示',
  `dept_check_strictly` tinyint(1) NULL DEFAULT 1 COMMENT '部门树选择项是否关联显示',
  `status` char(1) CHARACTER SET utf8 COLLATE utf8_general_ci NOT NULL COMMENT '角色状态（0正常 1停用）',
  `del_flag` char(1) CHARACTER SET utf8 COLLATE utf8_general_ci NULL DEFAULT '0' COMMENT '删除标志（0代表存在 2代表删除）',
  `create_by` varchar(64) CHARACTER SET utf8 COLLATE utf8_general_ci NULL DEFAULT '' COMMENT '创建者',
  `create_time` datetime(0) NULL DEFAULT NULL COMMENT '创建时间',
  `update_by` varchar(64) CHARACTER SET utf8 COLLATE utf8_general_ci NULL DEFAULT '' COMMENT '更新者',
  `update_time` datetime(0) NULL DEFAULT NULL COMMENT '更新时间',
  `remark` varchar(500) CHARACTER SET utf8 COLLATE utf8_general_ci NULL DEFAULT NULL COMMENT '备注',
  PRIMARY KEY (`role_id`) USING BTREE
) ENGINE = InnoDB AUTO_INCREMENT = 100 CHARACTER SET = utf8 COLLATE = utf8_general_ci COMMENT = '角色信息表' ROW_FORMAT = Dynamic;

-- ----------------------------
-- Records of sys_role
-- ----------------------------
INSERT INTO `sys_role` VALUES (1, '超级管理员', 'admin', 1, '1', 1, 1, '0', '0', 'admin', '2024-03-21 14:40:56', '', NULL, '超级管理员');
INSERT INTO `sys_role` VALUES (2, '普通角色', 'common', 2, '2', 1, 1, '0', '0', 'admin', '2024-03-21 14:40:56', 'admin', '2024-03-21 19:06:39', '普通角色');

-- ----------------------------
-- Table structure for sys_role_dept
-- ----------------------------
DROP TABLE IF EXISTS `sys_role_dept`;
CREATE TABLE `sys_role_dept`  (
  `role_id` bigint(0) NOT NULL COMMENT '角色ID',
  `dept_id` bigint(0) NOT NULL COMMENT '部门ID',
  PRIMARY KEY (`role_id`, `dept_id`) USING BTREE
) ENGINE = InnoDB CHARACTER SET = utf8 COLLATE = utf8_general_ci COMMENT = '角色和部门关联表' ROW_FORMAT = Dynamic;

-- ----------------------------
-- Records of sys_role_dept
-- ----------------------------
INSERT INTO `sys_role_dept` VALUES (2, 100);
INSERT INTO `sys_role_dept` VALUES (2, 101);
INSERT INTO `sys_role_dept` VALUES (2, 105);

-- ----------------------------
-- Table structure for sys_role_menu
-- ----------------------------
DROP TABLE IF EXISTS `sys_role_menu`;
CREATE TABLE `sys_role_menu`  (
  `role_id` bigint(0) NOT NULL COMMENT '角色ID',
  `menu_id` bigint(0) NOT NULL COMMENT '菜单ID',
  PRIMARY KEY (`role_id`, `menu_id`) USING BTREE
) ENGINE = InnoDB CHARACTER SET = utf8 COLLATE = utf8_general_ci COMMENT = '角色和菜单关联表' ROW_FORMAT = Dynamic;

-- ----------------------------
-- Records of sys_role_menu
-- ----------------------------
INSERT INTO `sys_role_menu` VALUES (2, 1);
INSERT INTO `sys_role_menu` VALUES (2, 3);
INSERT INTO `sys_role_menu` VALUES (2, 100);
INSERT INTO `sys_role_menu` VALUES (2, 101);
INSERT INTO `sys_role_menu` VALUES (2, 102);
INSERT INTO `sys_role_menu` VALUES (2, 103);
INSERT INTO `sys_role_menu` VALUES (2, 104);
INSERT INTO `sys_role_menu` VALUES (2, 105);
INSERT INTO `sys_role_menu` VALUES (2, 106);
INSERT INTO `sys_role_menu` VALUES (2, 107);
INSERT INTO `sys_role_menu` VALUES (2, 108);
INSERT INTO `sys_role_menu` VALUES (2, 115);
INSERT INTO `sys_role_menu` VALUES (2, 116);
INSERT INTO `sys_role_menu` VALUES (2, 117);
INSERT INTO `sys_role_menu` VALUES (2, 500);
INSERT INTO `sys_role_menu` VALUES (2, 501);
INSERT INTO `sys_role_menu` VALUES (2, 1000);
INSERT INTO `sys_role_menu` VALUES (2, 1001);
INSERT INTO `sys_role_menu` VALUES (2, 1002);
INSERT INTO `sys_role_menu` VALUES (2, 1003);
INSERT INTO `sys_role_menu` VALUES (2, 1004);
INSERT INTO `sys_role_menu` VALUES (2, 1005);
INSERT INTO `sys_role_menu` VALUES (2, 1006);
INSERT INTO `sys_role_menu` VALUES (2, 1007);
INSERT INTO `sys_role_menu` VALUES (2, 1008);
INSERT INTO `sys_role_menu` VALUES (2, 1009);
INSERT INTO `sys_role_menu` VALUES (2, 1010);
INSERT INTO `sys_role_menu` VALUES (2, 1011);
INSERT INTO `sys_role_menu` VALUES (2, 1012);
INSERT INTO `sys_role_menu` VALUES (2, 1013);
INSERT INTO `sys_role_menu` VALUES (2, 1014);
INSERT INTO `sys_role_menu` VALUES (2, 1015);
INSERT INTO `sys_role_menu` VALUES (2, 1016);
INSERT INTO `sys_role_menu` VALUES (2, 1017);
INSERT INTO `sys_role_menu` VALUES (2, 1018);
INSERT INTO `sys_role_menu` VALUES (2, 1019);
INSERT INTO `sys_role_menu` VALUES (2, 1020);
INSERT INTO `sys_role_menu` VALUES (2, 1021);
INSERT INTO `sys_role_menu` VALUES (2, 1022);
INSERT INTO `sys_role_menu` VALUES (2, 1023);
INSERT INTO `sys_role_menu` VALUES (2, 1024);
INSERT INTO `sys_role_menu` VALUES (2, 1025);
INSERT INTO `sys_role_menu` VALUES (2, 1026);
INSERT INTO `sys_role_menu` VALUES (2, 1027);
INSERT INTO `sys_role_menu` VALUES (2, 1028);
INSERT INTO `sys_role_menu` VALUES (2, 1029);
INSERT INTO `sys_role_menu` VALUES (2, 1030);
INSERT INTO `sys_role_menu` VALUES (2, 1031);
INSERT INTO `sys_role_menu` VALUES (2, 1032);
INSERT INTO `sys_role_menu` VALUES (2, 1033);
INSERT INTO `sys_role_menu` VALUES (2, 1034);
INSERT INTO `sys_role_menu` VALUES (2, 1035);
INSERT INTO `sys_role_menu` VALUES (2, 1036);
INSERT INTO `sys_role_menu` VALUES (2, 1037);
INSERT INTO `sys_role_menu` VALUES (2, 1038);
INSERT INTO `sys_role_menu` VALUES (2, 1039);
INSERT INTO `sys_role_menu` VALUES (2, 1040);
INSERT INTO `sys_role_menu` VALUES (2, 1041);
INSERT INTO `sys_role_menu` VALUES (2, 1042);
INSERT INTO `sys_role_menu` VALUES (2, 1043);
INSERT INTO `sys_role_menu` VALUES (2, 1044);
INSERT INTO `sys_role_menu` VALUES (2, 1045);
INSERT INTO `sys_role_menu` VALUES (2, 1055);
INSERT INTO `sys_role_menu` VALUES (2, 1056);
INSERT INTO `sys_role_menu` VALUES (2, 1057);
INSERT INTO `sys_role_menu` VALUES (2, 1058);
INSERT INTO `sys_role_menu` VALUES (2, 1059);
INSERT INTO `sys_role_menu` VALUES (2, 1060);

-- ----------------------------
-- Table structure for sys_user
-- ----------------------------
DROP TABLE IF EXISTS `sys_user`;
CREATE TABLE `sys_user`  (
  `user_id` bigint(0) NOT NULL AUTO_INCREMENT COMMENT '用户ID',
  `dept_id` bigint(0) NULL DEFAULT NULL COMMENT '部门ID',
  `user_name` varchar(30) CHARACTER SET utf8 COLLATE utf8_general_ci NOT NULL COMMENT '用户账号',
  `nick_name` varchar(30) CHARACTER SET utf8 COLLATE utf8_general_ci NOT NULL COMMENT '用户昵称',
  `user_type` varchar(2) CHARACTER SET utf8 COLLATE utf8_general_ci NULL DEFAULT '00' COMMENT '用户类型（00系统用户）',
  `email` varchar(50) CHARACTER SET utf8 COLLATE utf8_general_ci NULL DEFAULT '' COMMENT '用户邮箱',
  `phonenumber` varchar(11) CHARACTER SET utf8 COLLATE utf8_general_ci NULL DEFAULT '' COMMENT '手机号码',
  `sex` char(1) CHARACTER SET utf8 COLLATE utf8_general_ci NULL DEFAULT '0' COMMENT '用户性别（0男 1女 2未知）',
  `avatar` varchar(100) CHARACTER SET utf8 COLLATE utf8_general_ci NULL DEFAULT '' COMMENT '头像地址',
  `password` varchar(100) CHARACTER SET utf8 COLLATE utf8_general_ci NULL DEFAULT '' COMMENT '密码',
  `status` char(1) CHARACTER SET utf8 COLLATE utf8_general_ci NULL DEFAULT '0' COMMENT '帐号状态（0正常 1停用）',
  `del_flag` char(1) CHARACTER SET utf8 COLLATE utf8_general_ci NULL DEFAULT '0' COMMENT '删除标志（0代表存在 2代表删除）',
  `login_ip` varchar(128) CHARACTER SET utf8 COLLATE utf8_general_ci NULL DEFAULT '' COMMENT '最后登录IP',
  `login_date` datetime(0) NULL DEFAULT NULL COMMENT '最后登录时间',
  `create_by` varchar(64) CHARACTER SET utf8 COLLATE utf8_general_ci NULL DEFAULT '' COMMENT '创建者',
  `create_time` datetime(0) NULL DEFAULT NULL COMMENT '创建时间',
  `update_by` varchar(64) CHARACTER SET utf8 COLLATE utf8_general_ci NULL DEFAULT '' COMMENT '更新者',
  `update_time` datetime(0) NULL DEFAULT NULL COMMENT '更新时间',
  `remark` varchar(500) CHARACTER SET utf8 COLLATE utf8_general_ci NULL DEFAULT NULL COMMENT '备注',
  PRIMARY KEY (`user_id`) USING BTREE
) ENGINE = InnoDB AUTO_INCREMENT = 100 CHARACTER SET = utf8 COLLATE = utf8_general_ci COMMENT = '用户信息表' ROW_FORMAT = Dynamic;

-- ----------------------------
-- Records of sys_user
-- ----------------------------
INSERT INTO `sys_user` VALUES (1, 103, 'admin', '若依', '00', 'ry@163.com', '15888888888', '1', '', '$2a$10$7JB720yubVSZvUI0rEqK/.VqGOZTH.ulu33dHOiBE8ByOhJIrdAu2', '0', '0', '127.0.0.1', '2024-03-21 18:17:09', 'admin', '2024-03-21 14:40:56', '', '2024-03-21 18:17:09', '管理员');
INSERT INTO `sys_user` VALUES (2, 105, 'ry', '若依', '00', 'ry@qq.com', '15666666666', '1', '', '$2a$10$7JB720yubVSZvUI0rEqK/.VqGOZTH.ulu33dHOiBE8ByOhJIrdAu2', '0', '0', '127.0.0.1', '2024-03-21 14:40:56', 'admin', '2024-03-21 14:40:56', '', NULL, '测试员');

-- ----------------------------
-- Table structure for sys_user_post
-- ----------------------------
DROP TABLE IF EXISTS `sys_user_post`;
CREATE TABLE `sys_user_post`  (
  `user_id` bigint(0) NOT NULL COMMENT '用户ID',
  `post_id` bigint(0) NOT NULL COMMENT '岗位ID',
  PRIMARY KEY (`user_id`, `post_id`) USING BTREE
) ENGINE = InnoDB CHARACTER SET = utf8 COLLATE = utf8_general_ci COMMENT = '用户与岗位关联表' ROW_FORMAT = Dynamic;

-- ----------------------------
-- Records of sys_user_post
-- ----------------------------
INSERT INTO `sys_user_post` VALUES (1, 1);
INSERT INTO `sys_user_post` VALUES (2, 2);

-- ----------------------------
-- Table structure for sys_user_role
-- ----------------------------
DROP TABLE IF EXISTS `sys_user_role`;
CREATE TABLE `sys_user_role`  (
  `user_id` bigint(0) NOT NULL COMMENT '用户ID',
  `role_id` bigint(0) NOT NULL COMMENT '角色ID',
  PRIMARY KEY (`user_id`, `role_id`) USING BTREE
) ENGINE = InnoDB CHARACTER SET = utf8 COLLATE = utf8_general_ci COMMENT = '用户和角色关联表' ROW_FORMAT = Dynamic;

-- ----------------------------
-- Records of sys_user_role
-- ----------------------------
INSERT INTO `sys_user_role` VALUES (1, 1);
INSERT INTO `sys_user_role` VALUES (2, 2);

-- ----------------------------
-- Table structure for tic_category
-- ----------------------------
DROP TABLE IF EXISTS `tic_category`;
CREATE TABLE `tic_category`  (
  `Id` int(0) NOT NULL AUTO_INCREMENT,
  `name` varchar(50) CHARACTER SET utf8 COLLATE utf8_general_ci NULL DEFAULT NULL COMMENT '分类名称',
  `icon_path` varchar(100) CHARACTER SET utf8 COLLATE utf8_general_ci NULL DEFAULT NULL COMMENT '图标地址',
  `sequence` int(0) NULL DEFAULT NULL COMMENT '排序',
  PRIMARY KEY (`Id`) USING BTREE
) ENGINE = InnoDB AUTO_INCREMENT = 64 CHARACTER SET = utf8 COLLATE = utf8_general_ci ROW_FORMAT = Compact;

-- ----------------------------
-- Table structure for tic_notice
-- ----------------------------
DROP TABLE IF EXISTS `tic_notice`;
CREATE TABLE `tic_notice`  (
  `id` int(0) NOT NULL AUTO_INCREMENT COMMENT '自增id',
  `content` varchar(255) CHARACTER SET utf8 COLLATE utf8_general_ci NULL DEFAULT NULL COMMENT '公告内容',
  `img` varchar(255) CHARACTER SET utf8 COLLATE utf8_general_ci NULL DEFAULT NULL COMMENT '公告图片',
  `manager_id` int(0) NULL DEFAULT NULL COMMENT '发布的管理员id',
  `create_time` datetime(0) NULL DEFAULT NULL COMMENT '创建时间',
  `statu` tinyint(0) NULL DEFAULT NULL COMMENT '状态（1：停用；2：正常）',
  PRIMARY KEY (`id`) USING BTREE
) ENGINE = InnoDB AUTO_INCREMENT = 1 CHARACTER SET = utf8 COLLATE = utf8_general_ci ROW_FORMAT = Dynamic;

-- ----------------------------
-- Table structure for tic_order_detail
-- ----------------------------
DROP TABLE IF EXISTS `tic_order_detail`;
CREATE TABLE `tic_order_detail`  (
  `Id` int(0) NOT NULL AUTO_INCREMENT,
  `user_id` int(0) NULL DEFAULT NULL COMMENT '用户关联id',
  `order_id` int(0) NULL DEFAULT NULL COMMENT '订单关联id',
  `ticket_id` int(0) NULL DEFAULT NULL COMMENT '演出关联id',
  `amount` int(0) NULL DEFAULT NULL COMMENT '数量',
  `price` decimal(10, 2) NULL DEFAULT NULL COMMENT '单价',
  PRIMARY KEY (`Id`) USING BTREE
) ENGINE = InnoDB AUTO_INCREMENT = 56 CHARACTER SET = utf8 COLLATE = utf8_general_ci ROW_FORMAT = Compact;

-- ----------------------------
-- Table structure for tic_order_info
-- ----------------------------
DROP TABLE IF EXISTS `tic_order_info`;
CREATE TABLE `tic_order_info`  (
  `Id` int(0) NOT NULL AUTO_INCREMENT,
  `code` varchar(255) CHARACTER SET utf8 COLLATE utf8_general_ci NULL DEFAULT NULL COMMENT '订单流水号',
  `create_time` datetime(0) NULL DEFAULT NULL COMMENT '订单创建时间',
  `user_id` int(0) NULL DEFAULT NULL COMMENT '关联用户id',
  `price` decimal(10, 2) NULL DEFAULT NULL COMMENT '总价格',
  `status` varchar(11) CHARACTER SET utf8 COLLATE utf8_general_ci NULL DEFAULT NULL COMMENT '订单状态（1：待支付；2：已支付；3：已取消）',
  PRIMARY KEY (`Id`) USING BTREE
) ENGINE = InnoDB AUTO_INCREMENT = 55 CHARACTER SET = utf8 COLLATE = utf8_general_ci ROW_FORMAT = Compact;

-- ----------------------------
-- Records of tic_order_info
-- ----------------------------
INSERT INTO `tic_order_info` VALUES (36, '1667069315741978624', '2023-06-09 15:21:12', 2, 5998.00, '已取消');
INSERT INTO `tic_order_info` VALUES (37, '1667090987907854336', '2023-06-09 16:47:19', 2, 2560.00, '已支付 ');
INSERT INTO `tic_order_info` VALUES (38, '1667102459895496704', '2023-06-09 17:32:54', 2, 560.00, '已取消');
INSERT INTO `tic_order_info` VALUES (39, '1667112473343410176', '2023-06-09 18:12:42', 2, 6000.00, '已支付 ');
INSERT INTO `tic_order_info` VALUES (40, '1667138863266557952', '2023-06-09 19:57:34', 2, 560.00, '已取消');
INSERT INTO `tic_order_info` VALUES (41, '1667139134411538432', '2023-06-09 19:58:38', 2, 560.00, '已支付 ');
INSERT INTO `tic_order_info` VALUES (42, '1667141009852628992', '2023-06-09 20:06:05', 2, 2000.00, '已支付 ');
INSERT INTO `tic_order_info` VALUES (43, '1667147596826673152', '2023-06-09 20:32:16', 2, 560.00, '已支付 ');
INSERT INTO `tic_order_info` VALUES (44, '1667149596544991232', '2023-06-09 20:40:13', 2, 560.00, '已支付 ');
INSERT INTO `tic_order_info` VALUES (45, '1667150695960178688', '2023-06-09 20:44:35', 2, 560.00, '已支付 ');
INSERT INTO `tic_order_info` VALUES (46, '1667151896131002368', '2023-06-09 20:49:21', 2, 560.00, '已支付 ');
INSERT INTO `tic_order_info` VALUES (47, '1667152857654226944', '2023-06-09 20:53:10', 2, 560.00, '已支付 ');
INSERT INTO `tic_order_info` VALUES (48, '1667154061700493312', '2023-06-09 20:57:57', 2, 2000.00, '已支付 ');
INSERT INTO `tic_order_info` VALUES (49, '1667154539096047616', '2023-06-09 20:59:51', 2, 2000.00, '已支付 ');
INSERT INTO `tic_order_info` VALUES (50, '1667324254158430208', '2023-06-10 08:14:14', 2, 2000.00, '已支付 ');
INSERT INTO `tic_order_info` VALUES (51, '1667341826664714240', '2023-06-10 09:24:04', 2, 560.00, '已支付 ');
INSERT INTO `tic_order_info` VALUES (52, '1667347894694367232', '2023-06-10 09:48:11', 1, 2000.00, '已支付 ');
INSERT INTO `tic_order_info` VALUES (53, '1667356080432226304', '2023-06-10 10:20:42', 2, 560.00, '已取消');
INSERT INTO `tic_order_info` VALUES (54, '1667356811797209088', '2023-06-10 10:23:37', 2, 560.00, '已支付 ');

-- ----------------------------
-- Table structure for tic_ticket
-- ----------------------------
DROP TABLE IF EXISTS `tic_ticket`;
CREATE TABLE `tic_ticket`  (
  `Id` int(0) NOT NULL AUTO_INCREMENT COMMENT '自增id',
  `name` varchar(255) CHARACTER SET utf8 COLLATE utf8_general_ci NULL DEFAULT NULL COMMENT '演出票名称',
  `price` varchar(255) CHARACTER SET utf8 COLLATE utf8_general_ci NULL DEFAULT NULL COMMENT '价格（多档价格之间用，分割）',
  `showTime` datetime(0) NULL DEFAULT NULL COMMENT '演出时间',
  `address` varchar(255) CHARACTER SET utf8 COLLATE utf8_general_ci NULL DEFAULT NULL COMMENT '演出地点',
  `status` int(0) NULL DEFAULT NULL,
  `category_id` int(0) NULL DEFAULT NULL COMMENT '分类关联id',
  `img_path` varchar(255) CHARACTER SET utf8 COLLATE utf8_general_ci NULL DEFAULT NULL COMMENT '演示图片地址',
  `limit` int(0) NULL DEFAULT NULL COMMENT '单笔订单限购数量',
  PRIMARY KEY (`Id`) USING BTREE
) ENGINE = InnoDB AUTO_INCREMENT = 6 CHARACTER SET = utf8 COLLATE = utf8_general_ci ROW_FORMAT = Compact;

-- ----------------------------
-- Table structure for tic_user
-- ----------------------------
DROP TABLE IF EXISTS `tic_user`;
CREATE TABLE `tic_user`  (
  `Id` int(0) NOT NULL AUTO_INCREMENT COMMENT '自增id',
  `username` varchar(30) CHARACTER SET utf8 COLLATE utf8_general_ci NULL DEFAULT NULL COMMENT '用户名',
  `password` varchar(100) CHARACTER SET utf8 COLLATE utf8_general_ci NULL DEFAULT NULL COMMENT '密码',
  `age` int(0) NULL DEFAULT NULL COMMENT '年龄',
  `sex` varchar(10) CHARACTER SET utf8 COLLATE utf8_general_ci NULL DEFAULT NULL COMMENT '性别',
  `create_time` datetime(0) NULL DEFAULT NULL COMMENT '注册时间',
  `email` varchar(100) CHARACTER SET utf8 COLLATE utf8_general_ci NULL DEFAULT NULL COMMENT '邮箱',
  PRIMARY KEY (`Id`) USING BTREE
) ENGINE = InnoDB AUTO_INCREMENT = 9 CHARACTER SET = utf8 COLLATE = utf8_general_ci ROW_FORMAT = Compact;

-- ----------------------------
-- Records of tic_user
-- ----------------------------
INSERT INTO `tic_user` VALUES (1, '1', '1', 1, '1', '1899-12-30 01:00:00', NULL);
INSERT INTO `tic_user` VALUES (8, 'admin', '123456', 1, 'nv', NULL, NULL);
INSERT INTO `tic_user` VALUES (9, NULL, NULL, NULL, NULL, '2024-03-21 19:50:31', NULL);
INSERT INTO `tic_user` VALUES (10, '6', '6', 6, NULL, '2024-03-21 20:02:22', '6');

SET FOREIGN_KEY_CHECKS = 1;
